dataset,rmse,r2
Train,6.0990993872427115,0.6270801651443945
Validation,4.662359638332723,0.7653185534580567
Test,11.673930561818317,-0.23501889763693473
