Dataset,RMSE,R2
Train,5.732372314253097,0.6705778160915201
Validation,4.768458261476044,0.7545160025230209
Test,10.532093183619263,-0.10018737434680758
