dataset,rmse,r2
Train,5.081533971366117,0.7411347653738978
Validation,4.836482002077548,0.7474622146724751
Test,11.771921080098283,-0.25583931632953916
