dataset,rmse,r2
Train,6.097908358988967,0.6272257980203473
Validation,4.786367799344322,0.7526685453455372
Test,9.515517281804637,0.17945161276702015
