Dataset,RMSE,R2
Train,6.097908358988967,0.6272257980203473
Validation,4.786367799344322,0.7526685453455372
Test,10.29362384064721,-0.05093016662668126
