Dataset,RMSE,R2
Train,6.036284878857942,0.634721998455322
Validation,4.769135749304307,0.7544462423507465
Test,10.9552567144714,-0.19037113865880162
