dataset,rmse,r2
Train,5.440847249767654,0.7032319594917704
Validation,4.752567904782903,0.7561493726945399
Test,11.005066042032572,-0.09755096965029875
