dataset,rmse,r2
Train,5.959099444218356,0.644003827890011
Validation,4.7481943769107575,0.7565979709351127
Test,11.284001314037507,-0.1538932893292304
