dataset,rmse,r2
Train,6.341758728913591,0.5968158107034179
Validation,4.662535765381082,0.765300822294264
Test,11.633637174404768,-0.22650810270937005
