dataset,rmse,r2
Train,5.959099444218356,0.644003827890011
Validation,4.7481943769107575,0.7565979709351127
Test,11.284001558466512,-0.1538933393194748
