dataset,rmse,r2
Train,4.998833309723126,0.7494921310007407
Validation,4.847545076532381,0.7463055724392302
Test,11.923198812724621,-0.2883236010695962
