Dataset,RMSE,R2
Train,6.341758728913591,0.5968158107034179
Validation,4.662535765381082,0.765300822294264
Test,11.068251356900108,-0.21505321100378905
