dataset,rmse,r2
Train,5.732372314253097,0.6705778160915201
Validation,4.768458261476044,0.7545160025230209
Test,10.499689866074348,0.000938244870906213
