dataset,rmse,r2
Train,7.137310386385242,0.489314849487716
Validation,4.78193677234832,0.7531262724210099
Test,11.124098413244988,-0.12142190810081765
