Dataset,RMSE,R2
Train,7.137310386385242,0.489314849487716
Validation,4.78193677234832,0.7531262724210099
Test,10.72407056031723,-0.14066100934092307
