Dataset,RMSE,R2
Train,5.959099444218356,0.644003827890011
Validation,4.7481943769107575,0.7565979709351127
Test,11.237800076128712,-0.252563851828552
