dataset,rmse,r2
Train,5.440847249767654,0.7032319594917704
Validation,4.752567904782903,0.7561493726945399
Test,11.005065400587855,-0.097550841705905
