dataset,rmse,r2
Train,6.097908358988967,0.6272257980203473
Validation,4.786367799344322,0.7526685453455372
Test,9.515517073804338,0.17945164863985896
