dataset,rmse,r2
Train,4.526708126353529,0.947822386194931
Validation,1.7297307316579034,0.9916065661732943
Test,12.002206686436082,0.6373928810533147
