dataset,rmse,r2
Train,4.10216154075564,0.9571505999630032
Validation,1.3945277128369775,0.9945444697734996
Test,26.99427150305174,-0.37747306388980806
