dataset,rmse,r2
Train,3.36706161384557,0.9711316903240398
Validation,1.2021799926094168,0.9959456460570716
Test,27.185257275542114,-0.3970333917964475
