dataset,rmse,r2
Train,2.954696951648492,0.9777697106050356
Validation,1.77095686729739,0.9912017026485304
Test,9.283869172248657,0.7830437592909997
