dataset,rmse,r2
Train,3.2236368929785315,0.9735386825449874
Validation,1.6451779793118204,0.9924070866532132
Test,24.350355986353467,-0.12085780737472906
