dataset,rmse,r2
Train,3.36706161384557,0.9711316903240398
Validation,1.2021799926094168,0.9959456460570716
Test,10.28106329821833,0.7339335043833067
