dataset,rmse,r2
Train,2.862684598888234,0.9791327013698556
Validation,1.3422735289460206,0.9949456569061794
Test,10.306982411031615,0.7325902774873676
