dataset,rmse,r2
Train,2.1636338997590796,0.9880797110513622
Validation,1.814673004678092,0.9907619687893215
Test,26.50669255919333,-0.32816176502587613
