dataset,rmse,r2
Train,2.1636338997590796,0.9880797110513622
Validation,1.814673004678092,0.9907619687893215
Test,7.844636454511899,0.8450970220094768
