dataset,rmse,r2
Train,4.10216154075564,0.9571505999630032
Validation,1.3945277128369775,0.9945444697734996
Test,9.79592298539888,0.7584512203599867
