dataset,rmse,r2
Train,4.189168927535588,0.9553136404754856
Validation,1.5864485251260825,0.9929395133135722
Test,10.050162556872804,0.7457503895628651
