dataset,rmse,r2
Train,4.1023442328730475,0.9571467832327928
Validation,1.4560663902928055,0.994052355220044
Test,9.900793525443426,0.7532517218001746
