dataset,rmse,r2
Train,4.1023442328730475,0.9571467832327928
Validation,1.4560663902928055,0.994052355220044
Test,27.145858810991477,-0.39298700108484286
