dataset,rmse,r2
Train,4.526708126353529,0.947822386194931
Validation,1.7297307316579034,0.9916065661732943
Test,28.656727972031675,-0.5523623248870353
