dataset,rmse,r2
Train,3.618670340861341,0.9666560328083296
Validation,1.616997087598813,0.9926649826869632
Test,11.386763138926105,0.6736266440974477
