dataset,rmse,r2
Train,15.1772350066302,0.8783299175982061
Validation,11.653713251507504,0.9312768202324976
Test,50.0724977564559,-0.3428319981924697
