dataset,rmse,r2
Train,14.276562262410796,0.8923421327851597
Validation,8.476568528547254,0.9636407643285932
Test,21.356524505258925,0.7464891871993298
