dataset,rmse,r2
Train,8.841772488667438,0.9587069315727212
Validation,10.931492530083434,0.939530898580943
Test,51.10039666494227,-0.39852976076896796
