dataset,rmse,r2
Train,14.276562262410796,0.8923421327851597
Validation,8.476568528547254,0.9636407643285932
Test,21.356523601005566,0.7464892086670549
