dataset,rmse,r2
Train,8.720989437908644,0.9598273939891292
Validation,11.5825822558132,0.9321131939352086
Test,17.814389557346228,0.8236086756017534
