dataset,rmse,r2
Train,16.149823070057028,0.8622365462772921
Validation,10.995649127304365,0.9388190330999948
Test,24.151924010062498,0.6757807490246801
