dataset,rmse,r2
Train,11.864668590558349,0.9256450804491956
Validation,11.709932606062754,0.930612157910908
Test,17.32776958435968,0.8331137102072983
