dataset,rmse,r2
Train,12.780433270659376,0.9137240721242732
Validation,10.83042383545994,0.9406438812037822
Test,18.83584165759602,0.8028006891933671
