dataset,rmse,r2
Train,9.157320616177149,0.955706976745102
Validation,11.706853018695424,0.9306486496364494
Test,15.414341711629618,0.8679357419739407
