dataset,rmse,r2
Train,8.841772488667438,0.9587069315727212
Validation,10.931492530083434,0.939530898580943
Test,19.199526527750066,0.7951120728634284
