dataset,rmse,r2
Train,14.425277320384692,0.8900875657019203
Validation,10.241507359064345,0.9469234906597764
Test,22.196834623333583,0.7261470499507323
