dataset,rmse,r2
Train,15.1772350066302,0.8783299175982061
Validation,11.653713251507504,0.9312768202324976
Test,24.02946497757311,0.6790602326793014
