dataset,rmse,r2
Train,15.24138952585316,0.8772991391932224
Validation,10.963175068673133,0.9391798777265392
Test,26.482251453846906,0.6101970326219142
