Dataset,RMSE,R2
Train,15.026515922414925,-0.047940075459918186
Validation,11.86032929452313,0.12874778259460273
Test,31.449620847632605,-1.6813469790418991
