Dataset,RMSE,R2
Train,15.264714290748133,-0.08142702217636422
Validation,12.088368454650366,0.09492247629854544
Test,29.35428175722606,-1.3359584106584914
