Dataset,RMSE,R2
Train,15.236268710995063,-0.07740032951595177
Validation,12.086193083131791,0.09524819481364755
Test,29.197595020513816,-1.3110872962544837
