Dataset,RMSE,R2
Train,15.140454859630138,-0.06389239072853892
Validation,12.055108425686596,0.09989609901447527
Test,22.80174128230048,-0.40947772478799127
