Dataset,RMSE,R2
Train,15.511190159581092,-0.11663208214111287
Validation,12.004540243260239,0.10743168496122801
Test,35.25711847587574,-2.3698907335772943
