Dataset,RMSE,R2
Train,15.150630625600677,-0.06532293665187994
Validation,12.015238157692606,0.10584014144201537
Test,31.636088377298538,-1.7132371168897031
