Dataset,RMSE,R2
Train,15.115819956837349,-0.060433107140941855
Validation,11.972323799278596,0.11221600677697519
Test,29.084165340040286,-1.293165499042138
