Dataset,RMSE,R2
Train,15.207891954679557,-0.07339086279454832
Validation,12.039504289260272,0.10222478050354056
Test,33.880318323680044,-2.111839244699416
