Dataset,RMSE,R2
Train,15.584120102459442,-0.1271570462886844
Validation,12.088334517561842,0.09492755815107867
Test,30.852811850157742,-1.580546509297017
