Dataset,RMSE,R2
Train,15.4574305462663,-0.10890531442681728
Validation,12.079595726637832,0.09623565894705355
Test,36.731998896310635,-2.657727222540129
