Dataset,RMSE,R2
Train,9.435022695981088,0.8223981610489399
Validation,12.397089696929937,0.7401287742129021
Test,22.504117309905883,0.04266517403711634
