Dataset,RMSE,R2
Train,8.232325258946434,0.8647906882842167
Validation,10.366043688043094,0.8183042463342364
Test,20.46006231939105,0.20867698639810117
