Dataset,RMSE,R2
Train,8.307574095596621,0.8623075882691684
Validation,13.07625284355391,0.7108752121603082
Test,24.016390442463415,-0.09032347507818628
