Dataset,RMSE,R2
Train,7.640138407439425,0.8835434252433974
Validation,11.570507536297612,0.7736275729823731
Test,21.610203041482286,0.11720963075273327
