Dataset,RMSE,R2
Train,10.839699446464673,0.7655792553444607
Validation,12.942852234682265,0.7167442765584353
Test,21.48831122093778,0.1271402596865806
