Dataset,RMSE,R2
Train,8.08954389278714,0.869440153306303
Validation,12.875039661260612,0.7197046718973581
Test,22.312388792057412,0.05890811264065965
