Dataset,RMSE,R2
Train,8.27704427502768,0.8633177508898494
Validation,12.165411577830048,0.7497510171367006
Test,22.23519528495217,0.06540858357193002
