Dataset,RMSE,R2
Train,10.181532358871666,0.7931822297226491
Validation,12.629599909030453,0.7302894754536903
Test,21.69735168583875,0.1100751201033674
