Dataset,RMSE,R2
Train,7.188808058800793,0.8968960423283322
Validation,13.071091456167675,0.711103410641561
Test,21.3921733114125,0.1349330726050434
