Dataset,RMSE,R2
Train,6.9581255645037245,0.9034069046878759
Validation,12.917292837850813,0.7178619122583594
Test,22.37346363704279,0.05374903204892367
