dataset,rmse,r2
Train,8.320674152194375,0.8601655921819433
Validation,8.123719310215721,0.8139751180456163
Test,17.71540832753773,0.4307557675433461
