dataset,rmse,r2
Train,6.093196741204283,0.9250127511880228
Validation,8.623541512990958,0.7903800873160458
Test,20.392057658952222,0.21392860486726195
