dataset,rmse,r2
Train,8.320674152194375,0.8601655921819433
Validation,8.123719310215721,0.8139751180456163
Test,17.7154083689052,0.43075576488484735
