dataset,rmse,r2
Train,9.163241121585058,0.8304119496552756
Validation,8.142832232415556,0.8130987555071894
Test,21.85476539301188,0.09711551674356211
