dataset,rmse,r2
Train,8.547134349485905,0.8524503855662341
Validation,6.75374620160787,0.8714267293589965
Test,20.328505698860145,0.21882056173631415
