dataset,rmse,r2
Train,1.9140745774475505,0.9926002895191014
Validation,8.898405058704244,0.7768044347340218
Test,18.949966449202975,0.34865183208077255
