dataset,rmse,r2
Train,1.9140745774475505,0.9926002895191014
Validation,8.898405058704244,0.7768044347340218
Test,20.97573599031944,0.16828543258666673
