dataset,rmse,r2
Train,6.093196741204283,0.9250127511880228
Validation,8.623541512990958,0.7903800873160458
Test,15.962006283955654,0.537862447433946
