dataset,rmse,r2
Train,9.163241121585058,0.8304119496552756
Validation,8.142832232415556,0.8130987555071894
Test,15.760902698361523,0.5494339331678532
