dataset,rmse,r2
Train,7.713808586326744,0.8798192987745136
Validation,8.054970725210248,0.81711034033053
Test,13.626070187464425,0.6632267807247962
