dataset,rmse,r2
Train,7.265546407963695,0.8933812515687941
Validation,8.200152511025115,0.8104581660380469
Test,21.4589343982084,0.12952521381542192
