dataset,rmse,r2
Train,8.547134349485905,0.8524503855662341
Validation,6.75374620160787,0.8714267293589965
Test,16.403979326650276,0.5119158195709724
