dataset,rmse,r2
Train,4.094072417669839,0.9661461505418336
Validation,8.4310979399786,0.7996314812321776
Test,20.430508271762605,0.21096142784765515
