dataset,rmse,r2
Train,9.32589934802637,0.8243377400742316
Validation,8.952461347874614,0.7740844482374745
Test,15.513764323076028,0.5634533254115506
