dataset,rmse,r2
Train,8.39072836550103,0.8578010657223882
Validation,8.768406044122825,0.7832782372161162
Test,20.78026874862083,0.18371425621794668
