dataset,rmse,r2
Train,0.6171140271578214,0.999010889055532
Validation,0.6562392522306439,0.9989038447712764
Test,2.775445372145313,0.9806585914758097
