dataset,rmse,r2
Train,0.5385024403987213,0.99924683605319
Validation,0.6640472102209525,0.998877605408092
Test,2.681655040904467,0.9819437087028555
