dataset,rmse,r2
Train,0.6708594993147018,0.9988311001080308
Validation,0.6418161906532494,0.9989514986606952
Test,2.7169918090938934,0.9814647098455392
