dataset,rmse,r2
Train,0.559524099107159,0.9991868853903516
Validation,0.6353453077223268,0.9989725343628482
Test,2.481152344567275,0.9845428439010486
