dataset,rmse,r2
Train,0.6708594993147018,0.9988311001080308
Validation,0.6418161906532494,0.9989514986606952
Test,25.644104602139357,-0.7827780107847164
