dataset,rmse,r2
Train,0.6528175273251586,0.9988931270266416
Validation,0.6566240331177703,0.9989025589498828
Test,23.24392607753631,-0.4646746348100266
