dataset,rmse,r2
Train,0.6331259488152935,0.9989588953214388
Validation,0.6553028291208178,0.9989069708650768
Test,2.371981017907025,0.9858731560103184
