dataset,rmse,r2
Train,0.5598055581199428,0.9991860671378496
Validation,0.6472196866690937,0.9989337695278936
Test,2.2756912572888615,0.9869968248415082
