dataset,rmse,r2
Train,0.6171140271578214,0.999010889055532
Validation,0.6562392522306439,0.9989038447712764
Test,2.775445585734906,0.980658588498901
