dataset,rmse,r2
Train,0.4992977937774669,0.9993525094040642
Validation,0.579645368066281,0.9991447907452168
Test,2.1700318197709545,0.9881762582682659
