dataset,rmse,r2
Train,0.559524099107159,0.9991868853903516
Validation,0.6353453077223268,0.9989725343628482
Test,24.521586357132758,-0.6301190167035207
