dataset,rmse,r2
Train,0.6708594993147018,0.9988311001080308
Validation,0.6418161906532494,0.9989514986606952
Test,2.716992598156363,0.9814646990795856
