dataset,rmse,r2
Train,0.6528175273251586,0.9988931270266416
Validation,0.6566240331177703,0.9989025589498828
Test,1.8100456012635207,0.9917737526599292
