dataset,rmse,r2
Train,0.5872409834226942,0.9991043323559972
Validation,0.6398528411659664,0.9989579036905244
Test,23.191704502644164,-0.4581007286267822
