dataset,rmse,r2
Train,0.514260710240756,0.9993131200150628
Validation,0.6258941003115528,0.9990028755436582
Test,2.3322971333706985,0.9863418937273323
