dataset,rmse,r2
Train,4.5722234975494045,0.7904012211929295
Validation,5.312313613482239,0.8556840726837097
Test,6.638799143873451,0.3141786963229304
