dataset,rmse,r2
Train,3.913898663253642,0.8464135156554535
Validation,5.400954107611433,0.8508278233219584
Test,7.464042728933082,0.13307775555070545
