dataset,rmse,r2
Train,4.216616352652497,0.8217366667730361
Validation,5.354833258407553,0.8533646240630595
Test,6.308866963992461,0.38065212508531676
