dataset,rmse,r2
Train,4.5722234975494045,0.7904012211929295
Validation,5.312313613482239,0.8556840726837097
Test,6.638798370658421,0.3141788560769152
