Dataset,RMSE,R2
Train,3.545655808525224,0.873954601810421
Validation,5.39400081172405,0.8512116705390769
Test,17.829017897596767,-2.1527687180479944
