Dataset,RMSE,R2
Train,3.865573203881303,0.8501828091169062
Validation,5.224576685117872,0.8604116837130872
Test,14.174012241773138,-0.992612626337692
