dataset,rmse,r2
Train,3.6736825034096263,0.8646877594849823
Validation,5.438841023975354,0.8487276400920942
Test,6.666302056803727,0.3084845478243784
