Dataset,RMSE,R2
Train,3.8240670284496985,0.8533828283177498
Validation,5.313289401615639,0.855631050700088
Test,14.486609678486206,-1.0814730324063335
