dataset,rmse,r2
Train,3.8240670284496985,0.8533828283177498
Validation,5.313289401615639,0.855631050700088
Test,7.231781450022503,0.18619098068136586
