dataset,rmse,r2
Train,4.0196447654894945,0.8380021712182579
Validation,5.09234411149858,0.8673881483927848
Test,6.664834456019938,0.30878899154691297
