Dataset,RMSE,R2
Train,3.6736825034096263,0.8646877594849823
Validation,5.438841023975354,0.8487276400920942
Test,13.340043347494998,-0.7650286224344676
