dataset,rmse,r2
Train,3.545655808525224,0.873954601810421
Validation,5.39400081172405,0.8512116705390769
Test,7.344946071152536,0.16052235467452158
