dataset,rmse,r2
Train,3.6736825034096263,0.8646877594849823
Validation,5.438841023975354,0.8487276400920942
Test,6.666302634064373,0.30848442806242626
