Dataset,RMSE,R2
Train,3.429953585159858,0.8820466359039096
Validation,5.2427314564139165,0.8594398932238867
Test,18.928919065711806,-2.55376658533419
