dataset,rmse,r2
Train,3.865573203881303,0.8501828091169062
Validation,5.224576685117872,0.8604116837130872
Test,7.373076614040245,0.15407977950446594
