dataset,rmse,r2
Train,3.429953585159858,0.8820466359039096
Validation,5.2427314564139165,0.8594398932238867
Test,9.413567141446329,-0.3789240996690799
