Dataset,RMSE,R2
Train,4.5722234975494045,0.7904012211929295
Validation,5.312313613482239,0.8556840726837097
Test,13.012671862392967,-0.6794621775786498
