Dataset,RMSE,R2
Train,4.077940615327372,0.8332692745886838
Validation,5.387690814975418,0.8515595773207106
Test,14.224293323066528,-1.006774943215523
