Dataset,RMSE,R2
Train,3.913898663253642,0.8464135156554535
Validation,5.400954107611433,0.8508278233219584
Test,14.409303950524313,-1.059317337528201
