Dataset,RMSE,R2
Train,4.216616352652497,0.8217366667730361
Validation,5.354833258407553,0.8533646240630595
Test,12.133472409174855,-0.4601836617070101
