dataset,rmse,r2
Train,24.315327549688288,-0.1213555933816303
Validation,23.394692071338905,0.0901167131269544
Test,24.998603794985268,-0.18133045061154185
