dataset,rmse,r2
Train,24.26112189944978,-0.11636153710764
Validation,23.45887112438749,0.0851176692270893
Test,25.85143720870842,-0.2633080897241109
