dataset,rmse,r2
Train,24.070619782368414,-0.098898677714619
Validation,23.34510552111579,0.0939697373894902
Test,24.78044378995543,-0.018470048990206323
