dataset,rmse,r2
Train,23.438496140212575,-0.0419397128989109
Validation,23.644688806264952,0.0705667044289921
Test,24.85712378685282,-0.024782858435082877
