dataset,rmse,r2
Train,22.34425103171401,0.0530769050098043
Validation,23.473370094006377,0.0839864169788811
Test,27.984456510746636,-0.48038148762365185
