dataset,rmse,r2
Train,24.26112189944978,-0.11636153710764
Validation,23.45887112438749,0.0851176692270893
Test,27.051875894002784,-0.21373779241546176
