dataset,rmse,r2
Train,23.214134750517765,-0.0220875711959152
Validation,23.597654467786217,0.0742607095443368
Test,24.78047754267935,-0.018472823449137588
