dataset,rmse,r2
Train,24.315327549688288,-0.1213555933816303
Validation,23.394692071338905,0.0901167131269544
Test,24.59306771576551,-0.0031260608673875367
