dataset,rmse,r2
Train,24.558763236075443,-0.1439211494569348
Validation,23.5393682454874,0.078828215030095
Test,24.45370249794256,0.008210854746105278
