dataset,rmse,r2
Train,24.166647272741965,-0.1076840744502809
Validation,23.009593865595463,0.119825205335371
Test,24.97982653204639,-0.034925144131948915
