dataset,rmse,r2
Train,24.121461866905616,-0.1035457790140508
Validation,23.461451292523137,0.0849164080461916
Test,25.512038082940776,-0.07949444353095858
