dataset,rmse,r2
Train,24.629129722487487,-0.1504857331628259
Validation,23.5920483378633,0.0747005158198389
Test,25.77497965271089,-0.10186088021067752
