dataset,rmse,r2
Train,23.214134750517765,-0.0220875711959152
Validation,23.597654467786217,0.0742607095443368
Test,23.73544917721837,-0.06496369207475694
