dataset,rmse,r2
Train,24.315327549688288,-0.1213555933816303
Validation,23.394692071338905,0.0901167131269544
Test,24.593067879033242,-0.0031260741864347352
