dataset,rmse,r2
Train,24.629129722487487,-0.1504857331628259
Validation,23.5920483378633,0.0747005158198389
Test,26.605795878820768,-0.33811180312190525
