dataset,rmse,r2
Train,24.166647272741965,-0.1076840744502809
Validation,23.009593865595463,0.119825205335371
Test,24.471201707533886,-0.13201057880121625
