Dataset,RMSE,R2
Train,43.253600354914546,-0.012095043035165398
Validation,42.44991256578496,0.014247132538914742
Test,45.74081198897404,-0.12054914809249495
