Dataset,RMSE,R2
Train,43.441298457797146,-0.020898032832380675
Validation,42.19239366682955,0.026170832623758633
Test,45.78377826993397,-0.12265529532249331
