Dataset,RMSE,R2
Train,43.35579951623941,-0.016883428816617085
Validation,42.279631586633734,0.022139648296314096
Test,52.523882996457175,-0.47753174438370327
