Dataset,RMSE,R2
Train,43.033602692020494,-0.0018257338337157591
Validation,42.446127198595896,0.014422928905249766
Test,45.23211898416612,-0.09576402257846062
