Dataset,RMSE,R2
Train,43.21117143835703,-0.010110420525073494
Validation,42.44813322707186,0.014329768821175981
Test,47.56716872934299,-0.21181904766176696
