Dataset,RMSE,R2
Train,43.080723538236185,-0.004020889183425247
Validation,42.47157141809741,0.013240971575768534
Test,45.43776737636982,-0.10575048241733587
