Dataset,RMSE,R2
Train,42.953370252005165,0.0019064191020327081
Validation,42.410140387062185,0.01609341068756609
Test,46.67079570954585,-0.16657745942657898
