Dataset,RMSE,R2
Train,43.26577017416249,-0.012664648635158926
Validation,42.4686641914696,0.013376056473403675
Test,46.051333860057944,-0.13581499444214673
