Dataset,RMSE,R2
Train,43.16111731551463,-0.0077716314609426185
Validation,42.3059198755814,0.02092325798109229
Test,44.39938500001506,-0.055788868860071616
