Dataset,RMSE,R2
Train,42.96614222133395,0.001312774610425671
Validation,42.36587495887191,0.018146236587775255
Test,46.84283612559489,-0.17519391351554825
