Dataset,RMSE,R2
Train,42.04178561326035,0.03709493037634659
Validation,43.17971101371704,0.03386937203863549
Test,49.75107557815141,-0.3256476872691876
