Dataset,RMSE,R2
Train,44.50750597787712,-0.07916458447054509
Validation,43.10027392394005,0.03742085530795858
Test,44.56576344705057,-0.06371643992740861
