Dataset,RMSE,R2
Train,43.504932514858886,-0.03109377606588315
Validation,42.63471767998874,0.05810352768977256
Test,53.15852390794432,-0.5134532003105108
