Dataset,RMSE,R2
Train,46.31507886031505,-0.1686002703569882
Validation,42.95078564099866,0.04408646320956633
Test,72.9473138350682,-1.849979778810558
