Dataset,RMSE,R2
Train,42.54243721650212,0.014025007572578407
Validation,43.22398571914629,0.031887094811832384
Test,44.0694846985326,-0.04015752341089973
