Dataset,RMSE,R2
Train,41.817431428613546,0.04734451214261781
Validation,43.206099392722585,0.03268815007889725
Test,126.5435155421214,-7.576359178818764
