Dataset,RMSE,R2
Train,42.456329981632045,0.018012257297041145
Validation,42.851805651969805,0.04848718782659467
Test,46.74789572125254,-0.17043500791284538
