dataset,rmse,r2
Train,8.279934806589258,0.3766568916837476
Validation,4.078916479831467,0.7137624346914345
Test,9.763882368687424,-0.022593242497884303
