Dataset,RMSE,R2
Train,7.61150733126058,0.4732377212985962
Validation,3.705395151617564,0.763785767440831
Test,9.941254096446263,0.019788892009471648
