dataset,rmse,r2
Train,7.984425299384405,0.4203569248615267
Validation,4.024858638049243,0.7212991669488642
Test,11.372830930915477,-0.3873786508872834
