Dataset,RMSE,R2
Train,7.578915035644772,0.47773923035210086
Validation,4.0378839260346115,0.7194923792243082
Test,9.982335858381296,0.011670800781417467
