dataset,rmse,r2
Train,8.383765195910732,0.3609254237822069
Validation,4.062448820888636,0.7160690018777801
Test,9.45465567681974,0.0411530841042933
