Dataset,RMSE,R2
Train,8.279934806589258,0.3766568916837476
Validation,4.078916479831467,0.7137624346914345
Test,10.35537278772013,-0.06357653362105276
