Dataset,RMSE,R2
Train,8.235259393924535,0.38336539417353943
Validation,4.054018784538403,0.7172461564954926
Test,9.739522056954993,0.05916695704257391
