dataset,rmse,r2
Train,8.449956723671022,0.3507943405937682
Validation,4.041050027414167,0.7190523151874408
Test,11.204206141740894,-0.34654236767078905
