dataset,rmse,r2
Train,7.771427973734102,0.4508702408143417
Validation,3.845166819827173,0.7456291296995032
Test,10.81424465895879,-0.25444095033427594
