Dataset,RMSE,R2
Train,8.449956723671022,0.35079434059376824
Validation,4.041050027414167,0.7190523151874408
Test,10.794612344879518,-0.15571665549073543
