Dataset,RMSE,R2
Train,8.108686666015059,0.4021745969357635
Validation,4.053857334498019,0.7172686772152366
Test,9.683889035315888,0.06988450465827478
