dataset,rmse,r2
Train,8.614063953833472,0.325332932852311
Validation,4.069219018075441,0.7151218536477665
Test,9.510913761238287,0.029708271958188148
