dataset,rmse,r2
Train,8.108686666015059,0.4021745969357635
Validation,4.053857334498019,0.7172686772152366
Test,8.457863565812437,0.23267527601625826
