Dataset,RMSE,R2
Train,8.614063953833472,0.325332932852311
Validation,4.069219018075441,0.7151218536477665
Test,10.007443709590143,0.006692801583499941
