dataset,rmse,r2
Train,7.578915035644772,0.4777392303521008
Validation,4.0378839260346115,0.7194923792243082
Test,10.486907225210492,-0.17964869942635908
