dataset,rmse,r2
Train,8.235259393924535,0.3833653941735394
Validation,4.054018784538403,0.7172461564954926
Test,9.911274807188414,-0.05369975018268569
