Dataset,RMSE,R2
Train,8.383765195910732,0.36092542378220693
Validation,4.062448820888636,0.7160690018777801
Test,10.067340903811125,-0.005233194004383268
