Dataset,RMSE,R2
Train,7.771427973734102,0.4508702408143417
Validation,3.845166819827173,0.7456291296995032
Test,10.483652015434734,-0.09009027398469982
