Dataset,RMSE,R2
Train,7.984425299384405,0.42035692486152676
Validation,4.024858638049243,0.7212991669488642
Test,10.862918042045187,-0.17038912216120639
