dataset,rmse,r2
Train,5.545760936911594,0.6916766960966647
Validation,4.899896701814232,0.7407963788366586
Test,9.666252421603641,0.15324912227078757
