Dataset,RMSE,R2
Train,6.239845204016394,0.6096702132113152
Validation,4.859664700139239,0.7450354348676874
Test,11.273818993457839,-0.26060604789034114
