dataset,rmse,r2
Train,6.029098185945003,0.635591267601735
Validation,4.9291396935910905,0.7376932489012734
Test,11.526022378951025,-0.2039218830731313
