dataset,rmse,r2
Train,6.080661116792879,0.6293315150160748
Validation,4.926954527259563,0.7379257668925955
Test,11.379867907622256,-0.1735830638558966
