dataset,rmse,r2
Train,6.029098185945003,0.635591267601735
Validation,4.9291396935910905,0.7376932489012734
Test,11.526023610763911,-0.20392214040502266
