Dataset,RMSE,R2
Train,6.603462205078184,0.5628530472276407
Validation,4.902868091504133,0.7404819115959125
Test,9.997787941689984,0.008608678802698
