Dataset,RMSE,R2
Train,6.432648387375326,0.5851761777143163
Validation,4.750933221728365,0.7563170925219256
Test,11.784324172803451,-0.3773573559042682
