dataset,rmse,r2
Train,6.239845204016394,0.6096702132113152
Validation,4.859664700139239,0.7450354348676874
Test,10.324791252736606,0.03394478077426799
