dataset,rmse,r2
Train,5.695767913390566,0.674771473277856
Validation,4.904462578282857,0.7403130857414195
Test,10.287875486513794,0.04084059352835334
