Dataset,RMSE,R2
Train,5.695767913390566,0.674771473277856
Validation,4.904462578282857,0.7403130857414195
Test,10.637217371698823,-0.12225962602673701
