dataset,rmse,r2
Train,5.912777184614118,0.6495168936574877
Validation,4.853321018160973,0.7457006488489624
Test,11.233146792172835,-0.14351603761297804
