dataset,rmse,r2
Train,6.603462205078184,0.5628530472276407
Validation,4.902868091504133,0.7404819115959125
Test,10.305868825676482,0.037482548819216865
