Dataset,RMSE,R2
Train,6.029098185945003,0.635591267601735
Validation,4.9291396935910905,0.7376932489012734
Test,12.027745528555323,-0.43484745972703975
