Dataset,RMSE,R2
Train,5.912777184614118,0.6495168936574877
Validation,4.853321018160973,0.7457006488489624
Test,10.9515819481911,-0.1895726905375441
