Dataset,RMSE,R2
Train,4.8899896623795325,0.7602823870687244
Validation,4.930205800452956,0.7375797697602477
Test,11.068036287592141,-0.21500599160012346
