Dataset,RMSE,R2
Train,11.864668590558349,0.9256450804491957
Validation,11.709932606062754,0.930612157910908
Test,49.196864743585316,-0.29627762007182556
