Dataset,RMSE,R2
Train,15.24138952585316,0.8772991391932224
Validation,10.963175068673133,0.9391798777265393
Test,51.429348105375745,-0.4165933828538102
