Dataset,RMSE,R2
Train,9.157320616177147,0.9557069767451021
Validation,11.706853018695423,0.9306486496364494
Test,47.947330136765665,-0.23126640069532178
