Dataset,RMSE,R2
Train,16.149823070057028,0.8622365462772921
Validation,10.995649127304363,0.9388190330999948
Test,48.31608250929683,-0.25027802602973725
