Dataset,RMSE,R2
Train,14.276562262410797,0.8923421327851597
Validation,8.476568528547254,0.9636407643285931
Test,50.19148174349135,-0.34922134740608723
