Dataset,RMSE,R2
Train,14.425277320384692,0.8900875657019203
Validation,10.241507359064345,0.9469234906597763
Test,48.386376320384315,-0.2539186663679147
