Dataset,RMSE,R2
Train,8.720989437908644,0.9598273939891292
Validation,11.582582255813199,0.9321131939352086
Test,47.82173684235805,-0.2248244873465739
