Dataset,RMSE,R2
Train,12.780433270659376,0.9137240721242731
Validation,10.83042383545994,0.9406438812037822
Test,49.94392348719284,-0.3359447054116522
