Dataset,RMSE,R2
Train,1.9317144820279128,0.9896257232463631
Validation,3.5972366866466023,0.9582484333032069
Test,23.00494162010946,-0.434711106554718
