Dataset,RMSE,R2
Train,3.433820142349582,0.9672186340781385
Validation,3.60919965207796,0.9579702736405019
Test,23.230401878095602,-0.46297072393655636
