Dataset,RMSE,R2
Train,3.2895760770639266,0.9699148745127989
Validation,3.611304865231852,0.9579212282306865
Test,23.3168326238872,-0.4738771970546445
