Dataset,RMSE,R2
Train,1.4120471266087684,0.9944566750106166
Validation,3.388956926191855,0.9629432910274417
Test,22.88993170645004,-0.4204016993616555
