Dataset,RMSE,R2
Train,1.6337305978793,0.9925795055617181
Validation,3.3051193618676074,0.964754064230041
Test,23.03579285378149,-0.43856178246217503
