Dataset,RMSE,R2
Train,1.9749737063923023,0.9891558730250305
Validation,3.4906371288412177,0.960686278526865
Test,22.902629491067877,-0.4219780218814504
