Dataset,RMSE,R2
Train,1.7854871006659043,0.9911369052538228
Validation,3.5276141478750955,0.9598489506331607
Test,23.07148670871528,-0.44302332606994677
