Dataset,RMSE,R2
Train,2.4124459700334415,0.9838196784134406
Validation,3.4190119767433043,0.9622830997608468
Test,22.728704027008742,-0.4004626666562787
