dataset,rmse,r2
Train,4.184003384300154,0.9554237754505428
Validation,2.6944503745183086,0.979633188378158
Test,24.508334740123857,-0.13544865090993508
