dataset,rmse,r2
Train,4.778565926616297,0.9418547298979524
Validation,2.565476223668325,0.9815363033625644
Test,27.19774593788184,-0.3983172557412249
