dataset,rmse,r2
Train,4.050541141719156,0.9582222233674296
Validation,2.6426254749945657,0.980409121894572
Test,25.519386923132075,-0.2310632455122228
