dataset,rmse,r2
Train,5.174618692601149,0.9318170269624286
Validation,2.646251949074796,0.9803553158895948
Test,13.872519527977323,0.5155769350092303
