dataset,rmse,r2
Train,3.0083791344773716,0.9769545939898624
Validation,2.3645336774748382,0.9843153917555864
Test,22.806341994245493,0.01677897482299573
