dataset,rmse,r2
Train,6.598538546678354,0.8891298221227113
Validation,2.5434996959462945,0.9818512780102482
Test,13.87688202561807,0.5152722136126262
