dataset,rmse,r2
Train,5.833115626705655,0.9133596099508255
Validation,2.6189636630550748,0.9807583808883864
Test,25.809626515388306,-0.25922498418748074
