dataset,rmse,r2
Train,4.498389955727358,0.9484731694244338
Validation,2.7096435234347287,0.9794028568712428
Test,11.777327524969733,0.6508535511437586
