dataset,rmse,r2
Train,4.498389955727358,0.9484731694244338
Validation,2.7096435234347287,0.9794028568712428
Test,26.72088753096143,-0.3497136810160588
