dataset,rmse,r2
Train,3.956531521391174,0.9601389725936076
Validation,2.6745974259347847,0.9799322116273206
Test,23.79763138791736,-0.07055099233915696
