dataset,rmse,r2
Train,5.174618692601149,0.9318170269624286
Validation,2.646251949074796,0.9803553158895948
Test,27.12565213165659,-0.39091396551399304
