dataset,rmse,r2
Train,6.598538546678354,0.8891298221227113
Validation,2.5434996959462945,0.9818512780102482
Test,25.85968023659302,-0.2641138587771701
