dataset,rmse,r2
Train,5.340085702209846,0.9273867822689676
Validation,2.4286105932762405,0.9834537935836304
Test,27.367633652107,-0.4158406828233481
