dataset,rmse,r2
Train,10.302062459158591,0.7975624509298287
Validation,7.705015322814189,0.8636442059957119
Test,22.933919011055334,0.005748074177189144
