dataset,rmse,r2
Train,8.087347845664743,0.8752458620897626
Validation,8.893846088200364,0.8183205517758765
Test,21.378568672748845,0.13603302448873955
