dataset,rmse,r2
Train,9.166777944299197,0.8397211802510319
Validation,9.070681346658272,0.8110241079701944
Test,17.274529936096325,0.38634592459557804
