dataset,rmse,r2
Train,8.092673908165045,0.875081490001329
Validation,7.823447127643862,0.8594202110767806
Test,17.31953887060744,0.38314399688377554
