dataset,rmse,r2
Train,10.302062459158591,0.7975624509298287
Validation,7.705015322814189,0.8636442059957119
Test,16.713474326153825,0.42556006677543323
