dataset,rmse,r2
Train,8.293380218003339,0.8688084490214643
Validation,8.061184903269726,0.8507465602089574
Test,22.155407439808968,0.07210384700884165
