dataset,rmse,r2
Train,10.801779881677115,0.7774470478992227
Validation,8.251902757641163,0.8436007067590646
Test,22.17088254973601,0.07080716042359869
