dataset,rmse,r2
Train,8.293380218003339,0.8688084490214643
Validation,8.061184903269726,0.8507465602089574
Test,16.666847375087784,0.42876072043242786
