dataset,rmse,r2
Train,8.087347845664743,0.8752458620897626
Validation,8.893846088200364,0.8183205517758765
Test,17.33240197057417,0.38222738738184836
