dataset,rmse,r2
Train,9.337207206805596,0.8337059514753788
Validation,7.5371279768576445,0.8695216782434332
Test,19.115371008523386,0.24859062521034692
