dataset,rmse,r2
Train,10.998802811072464,0.7692543378067038
Validation,8.93922552594095,0.8164618408689721
Test,17.293747042900282,0.38497984223727144
