dataset,rmse,r2
Train,8.78787641391551,0.8526973381590711
Validation,7.82794222374143,0.8592586195965988
Test,16.55288131798046,0.4365461530513949
