dataset,rmse,r2
Train,4.10551679539031,0.8310066902418463
Validation,5.403660206079675,0.8506783031744091
Test,6.457254388487645,0.3511748062915744
