dataset,rmse,r2
Train,3.7699432662130543,0.8575037371303028
Validation,5.025238450747017,0.870860172778468
Test,6.3678504727275875,0.36901704634737975
