dataset,rmse,r2
Train,4.324498569284376,0.812498234653966
Validation,5.416154134042825,0.8499870046036161
Test,6.303101224042959,0.3817836648748577
