dataset,rmse,r2
Train,4.2003598887392375,0.8231085464770996
Validation,5.455953750862331,0.8477742181867499
Test,7.061970158425054,0.22396078275143783
