dataset,rmse,r2
Train,3.162364912296701,0.8997330485142556
Validation,5.009323845590437,0.871676832534128
Test,6.810543630355707,0.27823557581731895
