dataset,rmse,r2
Train,3.878782963045304,0.8491571239771845
Validation,5.395416421377501,0.8511335638270515
Test,6.381438039784453,0.366321420807605
