dataset,rmse,r2
Train,4.192514851028229,0.8237686919092573
Validation,5.489609330148137,0.8458903867885552
Test,7.369148029540688,0.1549809999512276
