Dataset,RMSE,R2
Train,4.10551679539031,0.8310066902418463
Validation,5.403660206079675,0.8506783031744091
Test,12.161102189205756,-0.4668413582653417
