Dataset,RMSE,R2
Train,3.2305641996941246,0.8953617187393595
Validation,5.426093014308948,0.8494359386065066
Test,13.113633234165333,-0.7056241514610839
