dataset,rmse,r2
Train,3.974200977563424,0.8416443740975398
Validation,5.395689024511484,0.8511185205091445
Test,6.528731555244645,0.33673124892367823
