Dataset,RMSE,R2
Train,4.1759742012787875,0.8251565129364506
Validation,5.4890180159493225,0.8459235848866692
Test,12.214680684260152,-0.4797948351478203
