Dataset,RMSE,R2
Train,3.7699432662130543,0.8575037371303028
Validation,5.025238450747017,0.870860172778468
Test,11.785717325695106,-0.3776830398858477
