dataset,rmse,r2
Train,3.230564199694125,0.8953617187393595
Validation,5.426093014308948,0.8494359386065066
Test,8.349991995004244,-0.08493577781990869
