Dataset,RMSE,R2
Train,3.162364912296701,0.8997330485142556
Validation,5.009323845590437,0.871676832534128
Test,12.299124426636387,-0.5003260889691667
