Dataset,RMSE,R2
Train,3.9742009775634237,0.8416443740975398
Validation,5.395689024511484,0.8511185205091445
Test,11.553084100176369,-0.323832809938303
