dataset,rmse,r2
Train,3.974200977563424,0.8416443740975398
Validation,5.395689024511484,0.8511185205091445
Test,6.528731200355547,0.3367313210316646
