dataset,rmse,r2
Train,4.1759742012787875,0.8251565129364506
Validation,5.4890180159493225,0.8459235848866692
Test,6.810740470210737,0.27819385402081287
