dataset,rmse,r2
Train,3.162364912296701,0.8997330485142556
Validation,5.009323845590437,0.871676832534128
Test,6.8105424738317195,0.2782358209483523
