dataset,rmse,r2
Train,3.7699432662130543,0.8575037371303028
Validation,5.025238450747017,0.870860172778468
Test,6.367850865624212,0.3690169684840312
