Dataset,RMSE,R2
Train,4.324498569284376,0.812498234653966
Validation,5.416154134042825,0.8499870046036161
Test,11.241655977364866,-0.25342355587440135
