Dataset,RMSE,R2
Train,14.76301375610743,-0.011509360553180192
Validation,12.23218457811582,0.07325883646570686
Test,33.396333169881316,-2.023568132876517
