Dataset,RMSE,R2
Train,15.264238926223678,-0.08135966892914603
Validation,12.033188661346662,0.10316643506425727
Test,26.88818678254191,-0.9599510370696114
