Dataset,RMSE,R2
Train,14.772191010785967,-0.012767337340502838
Validation,12.237692144622468,0.07242411432376183
Test,32.77305394448413,-1.9117629456968954
