Dataset,RMSE,R2
Train,15.60881165267743,-0.13073162125496163
Validation,12.161857451189,0.08388452411931646
Test,22.521358548957384,-0.3750274206833528
