Dataset,RMSE,R2
Train,15.247928019206336,-0.07904988677728197
Validation,12.02558589393074,0.10429934558408183
Test,27.044582414304777,-0.9828175282453262
