Dataset,RMSE,R2
Train,15.258200091963943,-0.08050422371253307
Validation,12.114991578272138,0.09093144556544175
Test,21.695458585190476,-0.2760269831667497
