Dataset,RMSE,R2
Train,15.30767260490176,-0.08752234109833368
Validation,12.112827871086795,0.09125613130766264
Test,21.847902455104283,-0.2940220764788577
