Dataset,RMSE,R2
Train,15.22414139002134,-0.07568589668174441
Validation,12.13028002870953,0.08863560922736835
Test,21.645467174937686,-0.2701532290654012
