Dataset,RMSE,R2
Train,15.215264181002034,-0.0744317958088192
Validation,12.063527427048559,0.098638437641417
Test,20.502546418252845,-0.13956157554483695
