dataset,rmse,r2
Train,24.303805580154005,-0.1202931224942389
Validation,23.224366690015092,0.1033173198346932
Test,25.82612227573486,-0.10623783516123453
