dataset,rmse,r2
Train,24.246821774280967,-0.1150459009261526
Validation,23.21181099628102,0.1042865974858819
Test,26.033185376892646,-0.12404765518353478
