dataset,rmse,r2
Train,24.11838701267868,-0.1032644506147022
Validation,23.210573513153182,0.1043821006481723
Test,25.628538959089788,-0.08937599001006724
