dataset,rmse,r2
Train,24.271675386599203,-0.1173329736008181
Validation,23.222043967370567,0.1034966694844718
Test,26.085990353846608,-0.1286122527910527
