dataset,rmse,r2
Train,24.11838701267868,-0.1032644506147022
Validation,23.210573513153182,0.1043821006481723
Test,26.986580075953583,-0.3766882140907979
