dataset,rmse,r2
Train,24.271675386599203,-0.1173329736008181
Validation,23.222043967370567,0.1034966694844718
Test,27.54974489821258,-0.43474610831500615
