dataset,rmse,r2
Train,24.12024673422548,-0.1034345982927644
Validation,23.20711951641664,0.1046486370289923
Test,25.79208735040785,-0.10332404789331684
