dataset,rmse,r2
Train,24.006786469483707,-0.0930780272638074
Validation,23.21217867396645,0.1042582208599446
Test,25.89233229677717,-0.1119171947524007
