dataset,rmse,r2
Train,24.08512282046144,-0.100223294265588
Validation,23.213368138964945,0.1041664172591251
Test,25.757310964905784,-0.10035075190983167
