dataset,rmse,r2
Train,24.006786469483707,-0.0930780272638074
Validation,23.21217867396645,0.1042582208599446
Test,25.892332558127624,-0.11191721719920578
