dataset,rmse,r2
Train,24.206067255971984,-0.1113006704670396
Validation,23.218868568873543,0.1037418297036704
Test,26.08477448817981,-0.1285070462115312
