dataset,rmse,r2
Train,24.417543613284348,-0.1308032533962202
Validation,23.22116050822871,0.1035648813092607
Test,27.292647740758806,-0.40809265040697795
