dataset,rmse,r2
Train,24.354142257869732,-0.1249385045903228
Validation,23.222454208398684,0.1034649939181723
Test,25.856480539025565,-0.10884009945458772
