Dataset,RMSE,R2
Train,14.816771501956168,-0.0617863981264668
Validation,14.89266518054445,0.03697506043154897
Test,21.806226703015277,-0.2890899868036314
