Dataset,RMSE,R2
Train,14.740997182162122,-0.05095402319883924
Validation,14.93575095942947,0.0313947697215623
Test,20.605537265447396,-0.15103909537895954
