Dataset,RMSE,R2
Train,14.593995294995569,-0.030097645551275143
Validation,14.894641507270801,0.03671944759282875
Test,20.271570362651396,-0.11403022947496688
