Dataset,RMSE,R2
Train,14.560165473443996,-0.025327515254718325
Validation,14.939110022865956,0.030959040404473503
Test,21.76714167970595,-0.2844730524614607
