Dataset,RMSE,R2
Train,14.752676543171797,-0.05262003450734576
Validation,14.945762961319415,0.030095748630022068
Test,21.234337655880523,-0.2223614002652392
