Dataset,RMSE,R2
Train,14.653101298080506,-0.03845837831671961
Validation,14.954664893688925,0.028940023980451923
Test,21.82136083619323,-0.2908799369670598
