Dataset,RMSE,R2
Train,14.654927705457686,-0.038717267709002634
Validation,14.958293550716117,0.028468723402868212
Test,19.815499109513922,-0.06446704562064132
