Dataset,RMSE,R2
Train,14.677581228707718,-0.041931038940273835
Validation,14.900143763267613,0.03600762177618855
Test,20.394791863970244,-0.1276147404803163
