Dataset,RMSE,R2
Train,14.545547579803443,-0.023269763257972365
Validation,14.961291054064993,0.028079312668144785
Test,21.122066763584847,-0.20946975193424255
