Dataset,RMSE,R2
Train,14.601866994570745,-0.03120917201757445
Validation,14.963699182311803,0.027766412128564344
Test,22.881408481097786,-0.41934410338646644
