dataset,rmse,r2
Train,4.143619604907834,0.9562801174495938
Validation,1.503024800581585,0.9936625439392764
Test,12.74218219132765,0.5913027227759021
