dataset,rmse,r2
Train,4.670601046094872,0.944452467375564
Validation,1.7980972908917026,0.9909299633639644
Test,11.373320357631314,0.6743967972676668
