dataset,rmse,r2
Train,3.748525256458051,0.9642200185671354
Validation,1.7139918149366855,0.9917586159053972
Test,28.140101913341287,-0.49689460721275935
