dataset,rmse,r2
Train,4.896331099652938,0.9389534979308352
Validation,1.6171595741881395,0.9926635084705444
Test,11.07929937964349,0.691014059080606
