dataset,rmse,r2
Train,4.032043470936441,0.958602926572974
Validation,1.7959520744948594,0.9909515924323452
Test,10.0981619432587,0.7433160074640575
