dataset,rmse,r2
Train,4.143619604907834,0.9562801174495938
Validation,1.503024800581585,0.9936625439392764
Test,26.93174946685997,-0.3710996608727135
