dataset,rmse,r2
Train,4.818217206099133,0.9408857782296414
Validation,1.7401967333668185,0.9915046873628
Test,29.039402972482257,-0.5940988871015167
