dataset,rmse,r2
Train,3.6946122337115246,0.9652418257510592
Validation,1.245575870510576,0.995647657734158
Test,8.104623593845103,0.8346592807221584
