dataset,rmse,r2
Train,4.032043470936441,0.958602926572974
Validation,1.7959520744948594,0.9909515924323452
Test,10.09816208606696,0.7433160002040047
