dataset,rmse,r2
Train,5.344988271416574,0.927253393122246
Validation,1.478392795639187,0.9938685619746002
Test,12.099395870221528,0.6314966026833818
