dataset,rmse,r2
Train,3.4559482792933127,0.969587389713028
Validation,1.428616535951533,0.9942744921657536
Test,10.64670975281512,0.7146716317302599
