dataset,rmse,r2
Train,5.344988271416574,0.927253393122246
Validation,1.478392795639187,0.9938685619746002
Test,12.09939600911803,0.6314965942228217
