dataset,rmse,r2
Train,4.896331099652938,0.9389534979308352
Validation,1.6171595741881395,0.9926635084705444
Test,28.114427804695854,-0.4941644178834843
