dataset,rmse,r2
Train,4.670601046094872,0.944452467375564
Validation,1.7980972908917026,0.9909299633639644
Test,27.36060267950904,-0.4151132937883164
