dataset,rmse,r2
Train,4.818217206099133,0.9408857782296414
Validation,1.7401967333668185,0.9915046873628
Test,12.342708079563392,0.6165267815043485
