dataset,rmse,r2
Train,5.344988271416574,0.927253393122246
Validation,1.478392795639187,0.9938685619746002
Test,27.640800606391856,-0.4442458490972827
