dataset,rmse,r2
Train,3.958626592876901,0.9600967468147346
Validation,1.75405316058211,0.9913688598045912
Test,26.465599284300893,-0.3240468638623273
