dataset,rmse,r2
Train,3.958626592876901,0.9600967468147346
Validation,1.75405316058211,0.9913688598045912
Test,8.079707321613764,0.8356743412513575
