Dataset,RMSE,R2
Train,2.8292380787753415,0.9777458532663895
Validation,3.679322547548779,0.9563212227053884
Test,22.925559252700886,-0.4248267724342105
