Dataset,RMSE,R2
Train,2.2563289387470404,0.9858460784208762
Validation,3.6116096943494065,0.9579141242188683
Test,23.041008079668977,-0.4392132272774767
