Dataset,RMSE,R2
Train,3.735571377599366,0.9612040816846474
Validation,3.6923979063949237,0.9560102249723719
Test,23.611750973801975,-0.5113970762326543
