Dataset,RMSE,R2
Train,3.2788566835815107,0.9701106254858726
Validation,3.553972728176943,0.9592466860132534
Test,22.392734931474788,-0.35936620222148563
