dataset,rmse,r2
Train,2.049927775720062,0.9847981200419555
Validation,3.3312387679813775,0.9443470038356097
Test,24.803037225244115,-0.6677537256362178
