dataset,rmse,r2
Train,3.021324261622823,0.9669771269429208
Validation,3.065067278780091,0.9528852327834312
Test,5.351579171388482,0.9196176956689144
