dataset,rmse,r2
Train,2.806745653449636,0.9715012181913154
Validation,3.3375811670981537,0.9441348848286548
Test,25.472477079735842,-0.758994775845174
