dataset,rmse,r2
Train,2.076009780848189,0.9844088205780436
Validation,3.034666319691794,0.9538152161457364
Test,5.202225168057474,0.9240417703438819
