dataset,rmse,r2
Train,3.021324261622823,0.9669771269429208
Validation,3.065067278780091,0.9528852327834312
Test,5.351578658681316,0.9196177110709407
