dataset,rmse,r2
Train,2.1490158187332824,0.9832929641927431
Validation,3.18605049513538,0.9490924337337472
Test,23.55347806034322,-0.5039461396150218
