dataset,rmse,r2
Train,2.806745653449636,0.9715012181913154
Validation,3.3375811670981537,0.9441348848286548
Test,5.974554115688211,0.8998138838660916
