dataset,rmse,r2
Train,2.367931371969006,0.9797157758257912
Validation,3.3375732651210632,0.9441351493581543
Test,5.147024621978697,0.9256451958426531
