dataset,rmse,r2
Train,2.076009780848189,0.9844088205780436
Validation,3.034666319691794,0.9538152161457364
Test,25.097971024888984,-0.7076521785403045
