dataset,rmse,r2
Train,2.04826700871441,0.9848227419374256
Validation,3.044336443406301,0.9535204066980456
Test,5.713719073236412,0.9083707124787268
