dataset,rmse,r2
Train,2.0355966550039857,0.985009930863579
Validation,3.029918085992103,0.9539596304316
Test,25.49494389764871,-0.7620990238672918
