dataset,rmse,r2
Train,2.04826700871441,0.9848227419374256
Validation,3.044336443406301,0.9535204066980456
Test,24.72851829105865,-0.6577474884963619
