dataset,rmse,r2
Train,2.0355966550039857,0.985009930863579
Validation,3.029918085992103,0.9539596304316
Test,5.604122507287935,0.9118521379265965
