dataset,rmse,r2
Train,2.4101275319114563,0.9789864113480312
Validation,3.260475946074207,0.946686275028526
Test,5.868101205739888,0.9033522532571308
