dataset,rmse,r2
Train,1.8329501687275644,0.9878459366617376
Validation,3.1960647149398222,0.9487719110388716
Test,24.989483264233137,-0.6929211899453147
