dataset,rmse,r2
Train,2.1490158187332824,0.9832929641927431
Validation,3.18605049513538,0.9490924337337472
Test,5.589212351010932,0.9123205609513636
