Dataset,RMSE,R2
Train,6.309181146961249,0.9792112874617114
Validation,12.762815207722264,0.9102587187357898
Test,47.503608165122,-0.20858267922838158
