Dataset,RMSE,R2
Train,5.383593084844074,0.984863479500856
Validation,12.818274618158037,0.9094771024592053
Test,47.60274818324788,-0.21363256677900222
