Dataset,RMSE,R2
Train,9.812182853373756,0.949717962703995
Validation,12.42987797672588,0.9148797218825966
Test,46.71124131327529,-0.16860028220640588
