Dataset,RMSE,R2
Train,6.916501283150651,0.9750164284265039
Validation,12.115447233239863,0.9191317203245284
Test,50.666241026185034,-0.37486652985159363
