Dataset,RMSE,R2
Train,5.768472372382213,0.9826218623025089
Validation,12.590509698790116,0.9126654820798071
Test,48.179447323323465,-0.24321659181967914
