Dataset,RMSE,R2
Train,9.388811486791367,0.9539634427330661
Validation,12.694623438813448,0.9112151328257593
Test,47.639608298293524,-0.21551279249583977
