Dataset,RMSE,R2
Train,3.5913993342726918,0.9932638927103599
Validation,12.892845544175707,0.9084207962377111
Test,48.80555427605879,-0.2757385190517776
