Dataset,RMSE,R2
Train,8.230519636179084,0.9646217691931736
Validation,12.400327880490993,0.9152839611733024
Test,48.833988079858536,-0.2772254262621425
