Dataset,RMSE,R2
Train,6.619527549142036,0.9771158077257002
Validation,12.326486970078392,0.9162898836749652
Test,48.30319525890281,-0.24961114675061347
