Dataset,RMSE,R2
Train,2.6312065589898763,0.9963843075172639
Validation,12.061838859335518,0.9198457881862816
Test,46.962756511901176,-0.18121874522479864
