dataset,rmse,r2
Train,2.478530844746521,0.9829210717533496
Validation,3.3948911389018575,0.9628134015496153
Test,7.453489019261029,0.8589538909862161
