dataset,rmse,r2
Train,2.8671958182496846,0.9771447136349288
Validation,3.6583421432562857,0.9568179367770734
Test,6.257073423539085,0.9006004586610974
