dataset,rmse,r2
Train,3.215307953099311,0.9712579918959852
Validation,3.662124749085294,0.9567285929365398
Test,22.814155317623918,-0.41101287678429044
