dataset,rmse,r2
Train,2.1385245288838,0.9872854665130748
Validation,3.6405294196369646,0.9572374259922056
Test,22.672786454670145,-0.39358025559133347
