dataset,rmse,r2
Train,2.3682096621765805,0.9844076255652418
Validation,3.7014858221922498,0.9557934187910304
Test,6.196728716315632,0.9025084791065694
