dataset,rmse,r2
Train,1.5241049234307753,0.9935419457334655
Validation,3.623344967019028,0.9576401789858178
Test,6.277100591650317,0.8999631392573311
