dataset,rmse,r2
Train,3.215307953099311,0.9712579918959852
Validation,3.662124749085294,0.9567285929365398
Test,7.391332016182774,0.861296538302638
