dataset,rmse,r2
Train,2.1378216292590357,0.9872938232767814
Validation,3.707002819592546,0.9556615423714816
Test,23.227509594223125,-0.4626064544552222
