dataset,rmse,r2
Train,2.1378216292590357,0.9872938232767814
Validation,3.707002819592546,0.9556615423714816
Test,6.468542353459187,0.8937681535551029
