dataset,rmse,r2
Train,2.1385245288838,0.9872854665130748
Validation,3.6405294196369646,0.9572374259922056
Test,6.999876679372772,0.8755993482363789
