dataset,rmse,r2
Train,2.2933789374691105,0.9853774337659656
Validation,3.481404957122549,0.9608939604145676
Test,6.173729282785212,0.903230824315569
