dataset,rmse,r2
Train,3.2402764996510247,0.9708098652302932
Validation,3.4768859870000104,0.9609954161965424
Test,6.794204690175732,0.8828022884483355
