dataset,rmse,r2
Train,3.3950191201832256,0.9679552854722916
Validation,3.6710604097060258,0.9565171690434988
Test,22.62933475749617,-0.38824386670194433
