dataset,rmse,r2
Train,1.5241049234307753,0.9935419457334655
Validation,3.623344967019028,0.9576401789858178
Test,22.828207236138297,-0.41275158188612804
