dataset,rmse,r2
Train,2.398162389228555,0.9791945384834124
Validation,3.0742610233812866,0.9526021650814772
Test,6.354540624550713,0.8866647874489483
