dataset,rmse,r2
Train,2.1403509311561093,0.9834274189868604
Validation,3.24598372307458,0.9471591613765656
Test,6.474255965997127,0.8823542415865857
