dataset,rmse,r2
Train,2.1403509311561093,0.9834274189868604
Validation,3.24598372307458,0.9471591613765656
Test,24.396557705828513,-0.613538360763725
