dataset,rmse,r2
Train,2.057673978241821,0.984683014202438
Validation,3.1470212781062443,0.9503320328986218
Test,6.449678391087191,0.8832457599936514
