dataset,rmse,r2
Train,1.673816021922917,0.9898647230582062
Validation,3.091440528511471,0.9520709502712388
Test,24.982210801761916,-0.6919359823515074
