dataset,rmse,r2
Train,1.6798568155905165,0.989791434720018
Validation,3.299057532639794,0.9454170750328146
Test,26.321025946883665,-0.8781393673610058
