dataset,rmse,r2
Train,1.3488532788763468,0.9934181254145408
Validation,3.257902878962868,0.9467703889220456
Test,24.7396367785833,-0.6592385433335335
