dataset,rmse,r2
Train,2.057673978241821,0.984683014202438
Validation,3.1470212781062443,0.9503320328986218
Test,24.470263287385848,-0.6233025604770597
