dataset,rmse,r2
Train,2.300463271411456,0.980855202086117
Validation,2.841295940185855,0.9595135248512446
Test,5.993365207474151,0.89918201173967
