dataset,rmse,r2
Train,1.9391645563594453,0.9863965361134952
Validation,3.308493921963,0.9451043782374652
Test,24.35144328042316,-0.6075763270023078
