dataset,rmse,r2
Train,1.337549864975195,0.9935279756510852
Validation,3.1907773105086656,0.9489412690446156
Test,25.299434341557006,-0.7351771163759182
