dataset,rmse,r2
Train,1.9391645563594453,0.9863965361134952
Validation,3.308493921963,0.9451043782374652
Test,5.463256214463926,0.9162278465973959
