dataset,rmse,r2
Train,2.0574364868849666,0.9846865496913972
Validation,3.163275301677193,0.9498176486246974
Test,24.98841134803791,-0.6927759583931683
