dataset,rmse,r2
Train,1.337549864975195,0.9935279756510852
Validation,3.1907773105086656,0.9489412690446156
Test,6.413659195939402,0.8845461817124196
