dataset,rmse,r2
Train,2.300463271411456,0.980855202086117
Validation,2.841295940185855,0.9595135248512446
Test,23.949599612184212,-0.5549581464405264
