dataset,rmse,r2
Train,5.742303498213876,0.9334007554353762
Validation,8.445489447501835,0.7989468571990312
Test,17.97018983914975,0.3895568538328713
