dataset,rmse,r2
Train,9.703730483113905,0.809815784585779
Validation,8.46173177899894,0.7981727843684328
Test,15.417649432648878,0.5688457831568072
