dataset,rmse,r2
Train,6.914823372300602,0.9034262266897546
Validation,8.397877951990415,0.8012073439405543
Test,19.753572340428864,0.2623825434993411
