dataset,rmse,r2
Train,12.27828711246525,0.6955103134687558
Validation,8.648879489266854,0.7891464532340831
Test,15.730925280653242,0.5511462668327146
