dataset,rmse,r2
Train,8.931151176976625,0.838893931619312
Validation,8.12583991894797,0.8138779858178363
Test,21.19185390803437,0.1510584408328839
