dataset,rmse,r2
Train,6.247704117960115,0.9211615775475512
Validation,7.277108300176183,0.8507278130633084
Test,14.24600285931809,0.6318859789987237
