dataset,rmse,r2
Train,4.178985762841583,0.9647272921710544
Validation,7.301262608168535,0.8497352346766242
Test,15.434423533374474,0.5679070981059631
