dataset,rmse,r2
Train,9.703730483113905,0.809815784585779
Validation,8.46173177899894,0.7981727843684328
Test,15.41764935377494,0.568845787568223
