dataset,rmse,r2
Train,6.247704117960115,0.9211615775475512
Validation,7.277108300176183,0.8507278130633084
Test,20.69081835406097,0.19072667060838944
