dataset,rmse,r2
Train,5.742303498213876,0.9334007554353762
Validation,8.445489447501835,0.7989468571990312
Test,12.882552344808667,0.6989766831864042
