dataset,rmse,r2
Train,4.178985762841583,0.9647272921710544
Validation,7.301262608168535,0.8497352346766242
Test,19.070302964673218,0.3125279009349482
