dataset,rmse,r2
Train,12.27828711246525,0.6955103134687558
Validation,8.648879489266854,0.7891464532340831
Test,19.85752608975834,0.25459864910130037
