dataset,rmse,r2
Train,6.917009548174383,0.9033651519184542
Validation,8.065964259956656,0.8166107790169409
Test,14.927072698166686,0.5958471915864869
