dataset,rmse,r2
Train,5.213493208256762,0.9451022377407492
Validation,7.995128710498772,0.8198176949993665
Test,13.967059741308365,0.6461605211956133
