dataset,rmse,r2
Train,6.914823372300602,0.9034262266897546
Validation,8.397877951990415,0.8012073439405543
Test,14.885104827973004,0.5981165700748546
