dataset,rmse,r2
Train,9.923361459499,0.8011092251906281
Validation,8.23373661477602,0.8089024320690067
Test,19.60173778258212,0.27367826197755707
