dataset,rmse,r2
Train,9.923361459499,0.8011092251906281
Validation,8.23373661477602,0.8089024320690067
Test,14.240084426812567,0.6321917778186057
