Dataset,RMSE,R2
Train,6.557448947472302,0.609030243439037
Validation,4.050611223312243,0.7177212880401267
Test,10.674911467652096,-0.13022740788751386
