Dataset,RMSE,R2
Train,6.608242588091121,0.6029499247150043
Validation,4.022797139245066,0.7215845902881977
Test,11.216255583397349,-0.2477657623943812
