dataset,rmse,r2
Train,6.557448947472302,0.609030243439037
Validation,4.050611223312243,0.7177212880401267
Test,9.732466662912058,-0.01602335468849514
