Dataset,RMSE,R2
Train,7.154262919777181,0.5346249235296072
Validation,4.114356241195855,0.7087668629120112
Test,10.388411230428177,-0.07037396483058322
