Dataset,RMSE,R2
Train,6.742517678684432,0.5866504060624658
Validation,4.145666605491732,0.7043174124810623
Test,11.126379381238472,-0.2278491086383616
