dataset,rmse,r2
Train,7.103910327467961,0.541152606431858
Validation,3.994574801602085,0.7254773896356059
Test,10.04071128615104,-0.08140108300212057
