Dataset,RMSE,R2
Train,7.615622291278764,0.47266800716684365
Validation,4.143114302061912,0.7046813777706433
Test,10.122084334633087,-0.016195280837606685
