Dataset,RMSE,R2
Train,6.509521820138247,0.6147244031758063
Validation,4.178737528513106,0.6995811422182996
Test,11.559580000885813,-0.3253219195149317
