Dataset,RMSE,R2
Train,7.103910327467961,0.541152606431858
Validation,3.994574801602085,0.7254773896356059
Test,11.007641887871138,-0.2017824436573874
