Dataset,RMSE,R2
Train,6.30170914469843,0.638931138527395
Validation,4.176913565286476,0.6998433426357047
Test,10.949700104109782,-0.1891639097777167
