dataset,rmse,r2
Train,7.615622291278764,0.4726680071668436
Validation,4.143114302061912,0.7046813777706433
Test,9.003536681179652,0.13047090595573718
