dataset,rmse,r2
Train,6.96715119718218,0.558649321517286
Validation,4.156455687119055,0.702776384200319
Test,10.723215621452232,-0.23341128886202323
