dataset,rmse,r2
Train,6.742517678684432,0.5866504060624658
Validation,4.145666605491732,0.7043174124810623
Test,9.73128486018915,-0.01577662047270434
