dataset,rmse,r2
Train,6.509521820138247,0.6147244031758063
Validation,4.178737528513106,0.6995811422182996
Test,12.011990509145107,-0.5477036333014353
