dataset,rmse,r2
Train,7.624220174190103,0.4714766408099922
Validation,3.902444091374923,0.7379945149397524
Test,10.66897705772956,-0.22096553168171718
