dataset,rmse,r2
Train,6.608242588091121,0.6029499247150043
Validation,4.022797139245066,0.7215845902881977
Test,11.074825626975748,-0.3156235392765787
