Dataset,RMSE,R2
Train,6.96715119718218,0.558649321517286
Validation,4.156455687119055,0.702776384200319
Test,11.722816347232126,-0.3630167517385594
