dataset,rmse,r2
Train,7.154262919777181,0.5346249235296072
Validation,4.114356241195855,0.7087668629120112
Test,9.32789280865805,0.06669211520702967
