Dataset,RMSE,R2
Train,7.624220174190103,0.4714766408099922
Validation,3.902444091374923,0.7379945149397524
Test,11.398522135688319,-0.28864818026546124
