dataset,rmse,r2
Train,46.31507886031505,-0.1686002703569882
Validation,42.95078564099866,0.0440864632095663
Test,47.737853565275174,-0.26373614713650606
