dataset,rmse,r2
Train,43.504932514858886,-0.0310937760658831
Validation,42.63471767998874,0.0581035276897725
Test,44.70321894983426,-0.10817468550044129
