dataset,rmse,r2
Train,42.27083411376196,0.0265743135485778
Validation,42.891462412306325,0.0467252375327365
Test,43.9815771995807,-0.0726850568301014
