dataset,rmse,r2
Train,42.54243721650212,0.0140250075725784
Validation,43.22398571914629,0.0318870948118323
Test,44.0694846985326,-0.04015752341089973
