dataset,rmse,r2
Train,44.48124386741991,-0.077891415938347
Validation,43.18467768350032,0.0336471043276827
Test,43.66287296234283,-0.057195360971535436
