dataset,rmse,r2
Train,43.504932514858886,-0.0310937760658831
Validation,42.63471767998874,0.0581035276897725
Test,53.15852390794432,-0.5134532003105108
