dataset,rmse,r2
Train,41.817431428613546,0.0473445121426178
Validation,43.206099392722585,0.0326881500788972
Test,126.5435155421214,-7.576359178818764
