dataset,rmse,r2
Train,42.03754229498421,0.0372892944559383
Validation,42.83877537385726,0.0490657674841658
Test,72.17711846643691,-1.7901159339704842
