dataset,rmse,r2
Train,44.48124386741991,-0.077891415938347
Validation,43.18467768350032,0.0336471043276827
Test,49.54354024095669,-0.3146109443967564
