dataset,rmse,r2
Train,42.03754229498421,0.0372892944559383
Validation,42.83877537385726,0.0490657674841658
Test,42.59770292062774,-0.006243279709307492
