dataset,rmse,r2
Train,42.456329981632045,0.0180122572970411
Validation,42.851805651969805,0.0484871878265946
Test,44.305477133719464,-0.08854269553262117
