dataset,rmse,r2
Train,41.817431428613546,0.0473445121426178
Validation,43.206099392722585,0.0326881500788972
Test,45.030499289201025,-0.12446037733440396
