dataset,rmse,r2
Train,42.27083411376196,0.0265743135485778
Validation,42.891462412306325,0.0467252375327365
Test,44.688858052341615,-0.06960071413433444
