dataset,rmse,r2
Train,42.04178561326035,0.0370949303763465
Validation,43.17971101371704,0.0338693720386354
Test,43.90164895954293,-0.06878979304118182
