dataset,rmse,r2
Train,44.50750597787712,-0.079164584470545
Validation,43.10027392394005,0.0374208553079585
Test,44.29973541275332,-0.08826057675933452
