dataset,rmse,r2
Train,42.54243721650212,0.0140250075725784
Validation,43.22398571914629,0.0318870948118323
Test,43.09946693394847,-0.03008824101499341
