Dataset,RMSE,R2
Train,14.250410479295882,0.0178343543395052
Validation,14.701736119881978,0.06150939465520122
Test,22.089559070259206,-0.322806387555691
