Dataset,RMSE,R2
Train,14.62647945523655,-0.034688451149709865
Validation,14.957437363701676,0.028579937780974896
Test,20.98448322573449,-0.19376473818313733
