Dataset,RMSE,R2
Train,14.301927330239728,0.010720237852008818
Validation,14.95867219559802,0.028419537310858556
Test,20.98556992710446,-0.19388838186332924
