Dataset,RMSE,R2
Train,13.992122392951698,0.0531151205402034
Validation,14.904002788635957,0.03550822353724503
Test,26.96007796620028,-0.9704457251775642
