Dataset,RMSE,R2
Train,14.494659839192996,-0.01612244907127547
Validation,14.906518068793043,0.03518265036457746
Test,20.119420143548854,-0.0973700653707974
