Dataset,RMSE,R2
Train,14.159600475982696,0.030312069960778953
Validation,14.928054366153301,0.032392783105981926
Test,20.491395338330037,-0.1383223259156412
