Dataset,RMSE,R2
Train,14.09526834912308,0.03910333140550504
Validation,14.927343936442059,0.03248487823662183
Test,24.189870744023025,-0.5863144666863354
