Dataset,RMSE,R2
Train,13.990324485914371,0.053358443399383115
Validation,14.85638511452734,0.04166140111491645
Test,23.437375986042543,-0.4891558898984272
