Dataset,RMSE,R2
Train,14.3953103443245,-0.0022407460947821978
Validation,14.86583083189281,0.04044238677500933
Test,24.948957100634313,-0.6874347243854626
