Dataset,RMSE,R2
Train,14.647409759905097,-0.037651821735456226
Validation,14.956439006985653,0.02870961124755078
Test,19.81561852536895,-0.0644798754388276
