Dataset,RMSE,R2
Train,5.545760936911594,0.6916766960966647
Validation,4.899896701814232,0.7407963788366586
Test,10.012989283970782,0.005591624229144498
