dataset,rmse,r2
Train,4.8899896623795325,0.7602823870687244
Validation,4.930205800452956,0.7375797697602477
Test,11.348623606719933,-0.16714758576905298
