dataset,rmse,r2
Train,6.432648387375326,0.5851761777143163
Validation,4.750933221728365,0.7563170925219256
Test,12.957214141946153,-0.5214674452531429
