Dataset,RMSE,R2
Train,6.6317096884378754,0.5591051004940388
Validation,4.923540859883069,0.7382888002141786
Test,12.145950097981627,-0.46318842160005036
