Dataset,RMSE,R2
Train,23.21598540244695,-0.007131701862236106
Validation,23.135080253061385,0.02629685424502448
Test,72.1958508489231,-8.85290669105507
