Dataset,RMSE,R2
Train,22.907439336974257,0.019460456119509417
Validation,23.10679282200076,0.028676506396814516
Test,75.4773111402675,-9.768934417717228
