Dataset,RMSE,R2
Train,23.238773379248375,-0.009109800758311026
Validation,23.13001835784923,0.02672289504844394
Test,69.48235388317272,-8.126178048764787
