Dataset,RMSE,R2
Train,23.32710499202075,-0.01679572292159226
Validation,23.119642170792392,0.027595928519076884
Test,67.50571631841724,-7.614319826354025
