Dataset,RMSE,R2
Train,22.529708485056364,0.05153094222676857
Validation,23.02532785901223,0.03551340023586591
Test,30.17931986940281,-0.7217051881605301
