Dataset,RMSE,R2
Train,22.873568881311027,0.022357922560877763
Validation,22.998126354955353,0.0377908912985252
Test,45.568284156149424,-2.925231211585262
