Dataset,RMSE,R2
Train,23.113843293112097,0.001710848443387425
Validation,23.02050008598742,0.03591781004638184
Test,27.768426219615822,-0.4576136455414761
