Dataset,RMSE,R2
Train,22.49942593826474,0.05407893398164765
Validation,23.087920060780206,0.030262539581099368
Test,32.227290233824505,-0.9633036428995476
