Dataset,RMSE,R2
Train,23.261431489176225,-0.011078550745747595
Validation,23.119393207387773,0.027616871033933177
Test,68.14857811169473,-7.779170624484463
