Dataset,RMSE,R2
Train,22.90223307921927,0.019906107108248583
Validation,23.012468458194395,0.036590410426743714
Test,81.5828949258459,-11.58166495158893
