Dataset,RMSE,R2
Train,1.7544883098950907,0.9908984533828931
Validation,6.050255537437607,0.9240951616951214
Test,22.99015171243635,-0.43286694418183136
