Dataset,RMSE,R2
Train,3.4495378056442934,0.9648167415868575
Validation,6.1142279911844994,0.9224815140539389
Test,23.602740726416176,-0.510243797660213
