Dataset,RMSE,R2
Train,2.5211793171572827,0.9812058922919383
Validation,6.086904334285327,0.9231728051837476
Test,23.10132475192637,-0.4467582249445772
