Dataset,RMSE,R2
Train,2.664657822407057,0.9790059060880631
Validation,6.1083181756974385,0.9226312953664635
Test,22.950955038547534,-0.42798522426722485
