Dataset,RMSE,R2
Train,2.4756294596081347,0.9818788596398125
Validation,5.690572558740941,0.9328518650839692
Test,23.038972325255138,-0.4389589193724637
