Dataset,RMSE,R2
Train,2.4439668863557706,0.9823394235651594
Validation,6.083339687097069,0.9232627627840942
Test,23.005176407588102,-0.43474039190808256
