Dataset,RMSE,R2
Train,3.2413067365112447,0.9689362055542214
Validation,5.763380963957849,0.9311226104076794
Test,23.006978151460718,-0.4349651357564117
