Dataset,RMSE,R2
Train,3.296965148567149,0.9678602160675207
Validation,6.037595513461926,0.9244124876911266
Test,23.189175313641318,-0.4577827173966136
