Dataset,RMSE,R2
Train,3.3537650620043284,0.9667432724654097
Validation,6.128110531341498,0.922129098273831
Test,23.15529074081847,-0.4535255366711355
