Dataset,RMSE,R2
Train,2.9443739198592755,0.9743669570849488
Validation,6.00997896062178,0.9251023955807757
Test,23.621728923391085,-0.5126747307591966
