Dataset,RMSE,R2
Train,23.306420735319104,-0.014993327012257751
Validation,23.10068977788674,0.029189537115568154
Test,25.562806161674207,-0.23525592466466372
