Dataset,RMSE,R2
Train,24.033540004091307,-0.07931325798694533
Validation,22.875620751346755,0.04801451186454242
Test,31.396574837364074,-0.8633928972875791
