Dataset,RMSE,R2
Train,23.323700302967588,-0.01649893336019237
Validation,23.07613919776758,0.031251925324919716
Test,25.710964471690243,-0.2496161469891518
