Dataset,RMSE,R2
Train,23.583853565600688,-0.03930151847111918
Validation,23.080502180916938,0.030885570186210742
Test,31.97297521986787,-0.9324398912314282
