Dataset,RMSE,R2
Train,23.696257318504465,-0.04923202315464459
Validation,23.114941723727647,0.02799128664724837
Test,31.295827381095354,-0.851453321606432
