Dataset,RMSE,R2
Train,23.52102549448461,-0.03377143556358808
Validation,23.10730881517729,0.028633125050487318
Test,25.67528918781398,-0.24615073968991852
