Dataset,RMSE,R2
Train,23.526220827570018,-0.03422816565759934
Validation,23.130405543223674,0.026690310395156236
Test,28.016375724779238,-0.48376047494265806
