Dataset,RMSE,R2
Train,23.567886249995777,-0.03789468836329646
Validation,23.108228376968995,0.02855581188137013
Test,26.349494938720618,-0.3124551827360207
