Dataset,RMSE,R2
Train,23.477347181990137,-0.029935593702081764
Validation,23.0936094325143,0.02978455138106617
Test,24.619984960148933,-0.1458175198622247
