Dataset,RMSE,R2
Train,23.475596608555318,-0.02978200644565243
Validation,23.011524719904617,0.0366694274063305
Test,27.36002992520122,-0.41505404774310906
