dataset,rmse,r2
Train,15.144329962743384,-0.0644370534011182
Validation,12.19124025261974,0.0794525438987916
Test,24.136688104586156,-0.5793469511056681
