dataset,rmse,r2
Train,15.30584574714382,-0.0872627810561048
Validation,12.11806657289332,0.0904699123229053
Test,24.766146823688203,-0.6627964012062106
