dataset,rmse,r2
Train,15.086781492937565,-0.0563627000330768
Validation,12.24627254436079,0.0711229274675616
Test,22.60976762961243,-0.385844131888029
