dataset,rmse,r2
Train,15.184969227176536,-0.070157475440691
Validation,12.215946271579952,0.0757177134336546
Test,27.989409538863672,-1.1237806659238236
