dataset,rmse,r2
Train,15.367163072266852,-0.0959916794427306
Validation,12.2536798755963,0.0699988987457888
Test,16.02939965472572,-0.12460677471956472
