dataset,rmse,r2
Train,15.065275800266622,-0.0533532284829469
Validation,12.23129622528107,0.0733934392816902
Test,15.974778218746849,-0.11695546169183668
