dataset,rmse,r2
Train,14.94214994483716,-0.0362058450921516
Validation,12.196119754860254,0.0787155044839456
Test,21.727395465925838,-0.27978650880386513
