dataset,rmse,r2
Train,15.065275800266622,-0.0533532284829469
Validation,12.23129622528107,0.0733934392816902
Test,20.48423510732119,-0.13752694554686284
