dataset,rmse,r2
Train,15.01169772227613,-0.0458742700267862
Validation,12.24603638680551,0.07115875211914
Test,15.633365175705556,-0.06972248932494463
