dataset,rmse,r2
Train,15.011747378763548,-0.0458811892346449
Validation,12.243243942787284,0.0715823081795252
Test,21.85637364205523,-0.2950257451930851
