dataset,rmse,r2
Train,15.144329962743384,-0.0644370534011182
Validation,12.19124025261974,0.0794525438987916
Test,15.718862504707335,-0.0814548966598303
