dataset,rmse,r2
Train,15.30584574714382,-0.0872627810561048
Validation,12.11806657289332,0.0904699123229053
Test,15.77971847077279,-0.08984486517946721
