dataset,rmse,r2
Train,15.01169772227613,-0.0458742700267862
Validation,12.24603638680551,0.07115875211914
Test,20.32078632756685,-0.11944615220597621
