dataset,rmse,r2
Train,15.243573141824386,-0.0784336117143891
Validation,12.223762106947351,0.0745346124252619
Test,24.0451905893017,-0.567395649135993
