Dataset,RMSE,R2
Train,24.121461866905616,-0.10354577901405082
Validation,23.461451292523137,0.0849164080461916
Test,24.61677884656567,-0.14551911335032353
