Dataset,RMSE,R2
Train,23.214134750517765,-0.0220875711959152
Validation,23.597654467786214,0.07426070954433683
Test,23.73544917721837,-0.06496369207475694
