Dataset,RMSE,R2
Train,24.315327549688288,-0.12135559338163038
Validation,23.394692071338905,0.09011671312695446
Test,24.998603794985268,-0.18133045061154185
