Dataset,RMSE,R2
Train,24.629129722487487,-0.15048573316282599
Validation,23.5920483378633,0.07470051581983894
Test,26.605795878820768,-0.33811180312190525
