Dataset,RMSE,R2
Train,24.070619782368414,-0.09889867771461902
Validation,23.345105521115794,0.09396973738949022
Test,24.38219948038003,-0.12379126481887215
