Dataset,RMSE,R2
Train,24.558763236075443,-0.1439211494569348
Validation,23.539368245487402,0.07882821503009507
Test,24.44080313639535,-0.1291999174186953
