Dataset,RMSE,R2
Train,23.438496140212575,-0.041939712898910964
Validation,23.644688806264952,0.07056670442899216
Test,25.140752514396354,-0.19480336647260943
