Dataset,RMSE,R2
Train,24.62674074176978,-0.15026255394664467
Validation,23.483572628147787,0.08318996629201503
Test,26.47819819689103,-0.3253077853429691
