Dataset,RMSE,R2
Train,23.741955931074948,-0.0690944971843388
Validation,23.62154917135314,0.07238497521534415
Test,23.62918079374547,-0.05544892601101514
