Dataset,RMSE,R2
Train,24.07044802007961,-0.09888299480488771
Validation,23.444709989441012,0.08622188789557272
Test,30.34526981992814,-0.7406918612605771
