Dataset,RMSE,R2
Train,24.88260337233598,-0.17428831418002155
Validation,23.37014315436246,0.09202525972059095
Test,27.324964123860426,-0.4114291828080041
