Dataset,RMSE,R2
Train,24.519746572232666,-0.14028932704298858
Validation,23.45682787787815,0.0852770331376893
Test,23.92782059864113,-0.08229631456913111
