Dataset,RMSE,R2
Train,24.154998505614884,-0.10661648374068178
Validation,23.302142184978212,0.09730150761749667
Test,30.011506411329915,-0.702611185272265
