Dataset,RMSE,R2
Train,24.117211382474373,-0.10315689786671256
Validation,23.659128297552552,0.06943117315124614
Test,27.29944597284833,-0.40879421171591535
