Dataset,RMSE,R2
Train,25.07256429022811,-0.1922864608008248
Validation,23.52997028485172,0.07956361352737584
Test,30.043717399486123,-0.7062679307233912
