Dataset,RMSE,R2
Train,24.56030603937126,-0.14406487825444336
Validation,23.62566923902343,0.07206135800052871
Test,26.041607820809883,-0.28196296937502696
