Dataset,RMSE,R2
Train,23.901047513400624,-0.08347021165709334
Validation,23.63847068372026,0.07105548821016516
Test,28.833615475750488,-0.5715858021389397
