Dataset,RMSE,R2
Train,43.75231816376914,-0.03556868328373852
Validation,42.02830571368328,0.033730627123284895
Test,49.02341472584142,-0.28715333839351986
