Dataset,RMSE,R2
Train,44.2094131577462,-0.057319571938596825
Validation,41.470787141776924,0.059196322827479886
Test,45.45610754826558,-0.1066432968252169
