Dataset,RMSE,R2
Train,43.755872156313984,-0.03573692821400831
Validation,41.370981221495455,0.06371925539965484
Test,44.18755795696073,-0.04573867847985347
