Dataset,RMSE,R2
Train,43.54244174140463,-0.025657429455141045
Validation,41.824330081697134,0.04308704165880206
Test,44.78517581015042,-0.0742162969904292
