Dataset,RMSE,R2
Train,43.37304868953376,-0.017692727130438346
Validation,41.94042444698222,0.03776734448522556
Test,45.48460270261443,-0.10803117876817692
