Dataset,RMSE,R2
Train,43.96833913865344,-0.04581988006479287
Validation,42.05141617332799,0.03266767354393385
Test,44.51622082125714,-0.06135274146379399
