Dataset,RMSE,R2
Train,43.52664120259028,-0.02491319008789028
Validation,41.96400736964612,0.03668492157323788
Test,47.76259954805423,-0.2217970765895967
