Dataset,RMSE,R2
Train,43.01955679284976,-0.0011718612350006818
Validation,42.0074282298566,0.03469037376753936
Test,43.794754179687914,-0.02722919940922308
