Dataset,RMSE,R2
Train,43.33218916390971,-0.015776197996613783
Validation,41.930281574390975,0.0382327009140766
Test,44.39834306224816,-0.05573931621926387
