Dataset,RMSE,R2
Train,43.7930379560105,-0.037497164612911416
Validation,41.65720378886309,0.0507192400147497
Test,43.99139899282341,-0.036474726680948644
