Dataset,RMSE,R2
Train,41.44430943993489,0.06426907644514201
Validation,42.87077571511642,0.047644551060611495
Test,43.79560230052662,-0.027268986043140986
