Dataset,RMSE,R2
Train,39.818001348356695,0.13626587036915294
Validation,42.05274128660979,0.08364234951666372
Test,63.46247247041718,-1.1570347712806588
