Dataset,RMSE,R2
Train,36.70722044225418,0.2659524954007829
Validation,42.73845421192737,0.05351440647252914
Test,47.61681003211853,-0.21434968665234888
