Dataset,RMSE,R2
Train,44.04086139062965,-0.05665393850962119
Validation,42.65956204903601,0.05700547225639818
Test,43.96684031364317,-0.035317803020365135
