Dataset,RMSE,R2
Train,43.02578023370289,-0.00850644029933223
Validation,42.766682696074824,0.05226369782834117
Test,54.954579375531665,-0.6174503049371605
