Dataset,RMSE,R2
Train,43.849497019425485,-0.04749123813897227
Validation,42.85792214885126,0.048215538106528344
Test,44.239298934430025,-0.04818910671107557
