Dataset,RMSE,R2
Train,45.192180694655434,-0.1126223076482531
Validation,42.5338530560927,0.06255490717483747
Test,44.912711440787106,-0.08034314233216522
