Dataset,RMSE,R2
Train,39.832641113760964,0.1356306205248098
Validation,42.84118766825641,0.048958668348400014
Test,110.18987211818421,-5.502891800842964
