Dataset,RMSE,R2
Train,40.71338037039479,0.0969839028389623
Validation,42.00823997862068,0.08558075048764213
Test,46.053427366244975,-0.13591826570781484
