Dataset,RMSE,R2
Train,41.31815721697881,0.06995694433164801
Validation,42.54156284268497,0.06221502935398171
Test,47.435419246486354,-0.20511545641465823
