Dataset,RMSE,R2
Train,7.78174548937499,0.8844960706863488
Validation,8.691289036330462,0.8265018017096585
Test,22.496053350705242,0.043351139696114704
