Dataset,RMSE,R2
Train,9.166777944299197,0.8397211802510319
Validation,9.070681346658272,0.8110241079701944
Test,22.698477715668243,0.026057414168370485
