Dataset,RMSE,R2
Train,8.78787641391551,0.8526973381590711
Validation,7.82794222374143,0.8592586195965988
Test,21.43222055168748,0.13169114203249632
