Dataset,RMSE,R2
Train,9.337207206805596,0.8337059514753788
Validation,7.5371279768576445,0.8695216782434332
Test,23.371756860488077,-0.032577389808226664
