dataset,rmse,r2
Train,8.131536309881037,0.9650744144831964
Validation,11.964497035031718,0.9275624950319772
Test,45.55630594126334,-0.111527396938641
