dataset,rmse,r2
Train,12.315076708725735,0.919892583249164
Validation,12.308819029870826,0.9233331952795376
Test,17.297226175501855,0.833701527780657
