dataset,rmse,r2
Train,11.070440788162031,0.9352666159322413
Validation,11.86418168456019,0.9287720955016984
Test,16.861850472551453,0.8419677227106279
