dataset,rmse,r2
Train,8.256991294103164,0.9639884231944806
Validation,11.351646608883051,0.9347932859673596
Test,18.489075258199833,0.8099947017193976
