dataset,rmse,r2
Train,11.026395471101084,0.9357806931083444
Validation,12.011656186597063,0.9269903316250624
Test,21.99648285980145,0.7310684096065009
