dataset,rmse,r2
Train,6.315283741685405,0.9789338961761276
Validation,10.96424960198508,0.9391679548210412
Test,14.005530188545613,0.8909729054178217
