dataset,rmse,r2
Train,8.131536309881037,0.9650744144831964
Validation,11.964497035031718,0.9275624950319772
Test,14.252746295530093,0.8870899914861939
