dataset,rmse,r2
Train,14.96682655121842,0.8816800613351404
Validation,11.243548804090596,0.9360292549342564
Test,20.437680154943898,0.7678340489060722
