dataset,rmse,r2
Train,12.315076708725735,0.919892583249164
Validation,12.308819029870826,0.9233331952795376
Test,17.29722565312211,0.8337015378251521
