dataset,rmse,r2
Train,9.679031688266711,0.9505162837545243
Validation,12.246654157091912,0.9241056409564355
Test,24.621786723239335,0.6630430169018056
