dataset,rmse,r2
Train,10.528805178321024,0.9414459871244988
Validation,12.333401159687304,0.9230266646112996
Test,15.950101898442067,0.858595817678288
