dataset,rmse,r2
Train,11.460516024367491,0.9306243875796618
Validation,11.537559501319164,0.932639934960147
Test,48.70428271734876,-0.2704496952971309
