dataset,rmse,r2
Train,41.31815721697881,0.069956944331648
Validation,42.54156284268497,0.0622150293539817
Test,44.44544712064864,-0.09543141404013045
