dataset,rmse,r2
Train,43.02578023370289,-0.0085064402993322
Validation,42.766682696074824,0.0522636978283411
Test,54.954579375531665,-0.6174503049371605
