dataset,rmse,r2
Train,41.44430943993489,0.064269076445142
Validation,42.87077571511642,0.0476445510606114
Test,43.542399990188045,-0.051369461281995044
