dataset,rmse,r2
Train,41.44430943993489,0.064269076445142
Validation,42.87077571511642,0.0476445510606114
Test,43.79560230052662,-0.027268986043140986
