dataset,rmse,r2
Train,39.818001348356695,0.1362658703691529
Validation,42.05274128660979,0.0836423495166637
Test,43.491074185439544,-0.04889230892033547
