dataset,rmse,r2
Train,43.849497019425485,-0.0474912381389722
Validation,42.85792214885126,0.0482155381065283
Test,44.239298934430025,-0.04818910671107557
