dataset,rmse,r2
Train,40.71338037039479,0.0969839028389623
Validation,42.00823997862068,0.0855807504876421
Test,42.80631658379359,-0.016123160222691224
