dataset,rmse,r2
Train,39.83264111376096,0.1356306205248098
Validation,42.84118766825641,0.0489586683484
Test,110.18987211818421,-5.502891800842964
