dataset,rmse,r2
Train,44.04086139062965,-0.0566539385096211
Validation,42.65956204903601,0.0570054722563981
Test,45.20925064889505,-0.1334053263442192
