dataset,rmse,r2
Train,39.83264111376096,0.1356306205248098
Validation,42.84118766825641,0.0489586683484
Test,46.40216392528082,-0.19400762442853292
