dataset,rmse,r2
Train,45.192180694655434,-0.1126223076482531
Validation,42.5338530560927,0.0625549071748374
Test,44.912711440787106,-0.08034314233216522
