dataset,rmse,r2
Train,36.70722044225418,0.2659524954007829
Validation,42.73845421192737,0.0535144064725291
Test,45.94388071071702,-0.17053925688001037
