dataset,rmse,r2
Train,44.04086139062965,-0.0566539385096211
Validation,42.65956204903601,0.0570054722563981
Test,45.209250432202396,-0.13340531547915924
