dataset,rmse,r2
Train,44.04086139062965,-0.0566539385096211
Validation,42.65956204903601,0.0570054722563981
Test,43.96684031364317,-0.035317803020365135
