dataset,rmse,r2
Train,1.7854871006659043,0.9911369052538228
Validation,3.5276141478750955,0.9598489506331608
Test,6.457955142571811,0.8941156131494389
