dataset,rmse,r2
Train,1.4120471266087684,0.9944566750106166
Validation,3.388956926191855,0.9629432910274416
Test,5.841264444736101,0.9133725333586277
