dataset,rmse,r2
Train,1.9749737063923023,0.9891558730250304
Validation,3.4906371288412177,0.960686278526865
Test,6.530712512987771,0.8917163190995583
