dataset,rmse,r2
Train,3.2406475724029717,0.9708031792059032
Validation,3.6269727774489775,0.9575553124697778
Test,6.595648065455301,0.8895522618393479
