dataset,rmse,r2
Train,3.289576077063926,0.9699148745127988
Validation,3.611304865231852,0.9579212282306864
Test,6.687264548285896,0.8864626152264448
