dataset,rmse,r2
Train,1.9317144820279128,0.9896257232463632
Validation,3.5972366866466023,0.9582484333032067
Test,7.133668557327598,0.870798447341076
