dataset,rmse,r2
Train,1.6337305978793,0.992579505561718
Validation,3.3051193618676074,0.964754064230041
Test,6.025023834599558,0.9078364029338605
