dataset,rmse,r2
Train,1.6287999210156414,0.9926242287835708
Validation,3.278156321472708,0.9653267885870168
Test,7.242992290956412,0.8668080663684755
