dataset,rmse,r2
Train,3.289576077063926,0.9699148745127988
Validation,3.611304865231852,0.9579212282306864
Test,23.3168326238872,-0.4738771970546445
