dataset,rmse,r2
Train,3.433820142349582,0.9672186340781384
Validation,3.60919965207796,0.957970273640502
Test,8.236624532608857,0.8277574620345104
