dataset,rmse,r2
Train,1.6337305978793,0.992579505561718
Validation,3.3051193618676074,0.964754064230041
Test,23.035792853781494,-0.43856178246217525
