dataset,rmse,r2
Train,6.534470298458723,0.9783119067420236
Validation,5.103957529379749,0.9865465374617824
Test,48.87653954879292,-0.279452215355416
