dataset,rmse,r2
Train,5.689947749288411,0.9835556333256866
Validation,4.506836423890515,0.9895102880840532
Test,48.27814605046833,-0.24831542899824632
