dataset,rmse,r2
Train,7.931437781574357,0.9680475297647608
Validation,5.590304428353558,0.9838604698573628
Test,16.493689042511484,0.8617463045911367
