dataset,rmse,r2
Train,6.960632909220397,0.9753907682322226
Validation,5.559669098529558,0.9840368770816564
Test,16.441327870949607,0.8626227167406157
