dataset,rmse,r2
Train,7.230543000115836,0.973445237477882
Validation,5.561794103040267,0.9840246719700408
Test,16.725988723848513,0.857824507022287
