dataset,rmse,r2
Train,4.9587353975734185,0.9875105744174946
Validation,4.394668629795304,0.9900259340111298
Test,14.971214698697048,0.8860917393046898
