dataset,rmse,r2
Train,5.704169327793855,0.983473327784271
Validation,5.452446797367706,0.984646660860086
Test,48.465332956462674,-0.2580142811021149
