dataset,rmse,r2
Train,5.704169327793855,0.983473327784271
Validation,5.452446797367706,0.984646660860086
Test,14.693599419652973,0.8902770349295172
