dataset,rmse,r2
Train,6.534470298458723,0.9783119067420236
Validation,5.103957529379749,0.9865465374617824
Test,15.632514041219842,0.8758065194793724
