dataset,rmse,r2
Train,8.456631439010636,0.9636758548682188
Validation,5.382048476840667,0.9850405653696872
Test,47.907000367416025,-0.22919597024474836
