dataset,rmse,r2
Train,6.960632909220397,0.9753907682322226
Validation,5.559669098529558,0.9840368770816564
Test,16.44133124739974,0.8626226603160255
