dataset,rmse,r2
Train,5.771574834074605,0.9830804324892628
Validation,4.811574669093302,0.988043765355148
Test,48.866768400403465,-0.27894070337322274
