dataset,rmse,r2
Train,4.420938116135553,0.9900727383880046
Validation,4.926313912725386,0.9874667375329717
Test,48.45682633011711,-0.25757270698655454
