dataset,rmse,r2
Train,5.68994538766588,0.9835556469762088
Validation,5.8699887590528395,0.9822051427237236
Test,49.32012857929827,-0.3027814622902485
