dataset,rmse,r2
Train,4.193131358860162,0.9910694638844292
Validation,4.855361905690363,0.9878251622246604
Test,12.680472764588867,0.9182830714511281
