dataset,rmse,r2
Train,6.657010005921645,0.97749085416592
Validation,5.568765036591146,0.9839846011809924
Test,14.133032078348132,0.8984892976017591
