dataset,rmse,r2
Train,6.2942547635327895,0.9798771620430886
Validation,5.81877193311393,0.9825143153945116
Test,49.50211376781547,-0.31241340558040886
