dataset,rmse,r2
Train,6.517773126178489,0.9784226019163312
Validation,5.866918329420667,0.982223753855548
Test,49.90808357995054,-0.3340280376163378
