dataset,rmse,r2
Train,6.657010005921645,0.97749085416592
Validation,5.568765036591146,0.9839846011809924
Test,49.59138104360046,-0.3171510296513309
