dataset,rmse,r2
Train,6.2942547635327895,0.9798771620430886
Validation,5.81877193311393,0.9825143153945116
Test,13.73572356698932,0.904116422956566
