dataset,rmse,r2
Train,5.995677732692246,0.9817409928588644
Validation,5.929065024018374,0.9818451612252942
Test,46.948875815181346,-0.18052058705473706
