dataset,rmse,r2
Train,6.472760866739884,0.9787196032589036
Validation,5.579785317734344,0.9839211512661108
Test,13.720610558225934,0.9043273025855966
