dataset,rmse,r2
Train,8.480999555373735,0.9634662143510764
Validation,2.5306701399015736,0.996692567029228
Test,49.33443611727257,-0.3035374335097287
