dataset,rmse,r2
Train,8.480999555373735,0.9634662143510764
Validation,2.5306701399015736,0.996692567029228
Test,11.509861365914798,0.932674230046433
