dataset,rmse,r2
Train,6.543797196218286,0.9782499500777456
Validation,5.913624949392927,0.9819395933421264
Test,14.424951105015264,0.8942525647598824
