dataset,rmse,r2
Train,5.995677732692246,0.9817409928588644
Validation,5.929065024018374,0.9818451612252942
Test,14.692319822942416,0.890296144614997
