dataset,rmse,r2
Train,2.3333934869500106,0.9972344815632804
Validation,4.573177238984365,0.9891991972071555
Test,48.31064906740251,-0.24999683886892488
