Dataset,RMSE,R2
Train,9.070831758340459,0.83584436941451
Validation,13.032215617580224,0.7128193186873395
Test,19.894638624727918,0.25180982389591
