Dataset,RMSE,R2
Train,9.567044390603158,0.8173931192364238
Validation,13.143783230474792,0.7078812160559766
Test,23.074002448857446,-0.006435067547886586
