Dataset,RMSE,R2
Train,5.899706459120799,0.9305579764946347
Validation,11.019781150490548,0.7946642129053261
Test,22.55137369444339,0.038640338762617854
