Dataset,RMSE,R2
Train,11.260973849954617,0.7470041135832044
Validation,13.066338692096009,0.7113134631390221
Test,23.297761865395792,-0.026049458739470177
