Dataset,RMSE,R2
Train,9.399122189194674,0.8237471489240594
Validation,12.456379039956579,0.7376371510661327
Test,21.792277247376422,0.10227127269425407
