Dataset,RMSE,R2
Train,7.833091524454285,0.8775868814686925
Validation,12.218657334758648,0.747555636192275
Test,21.170166889084385,0.15279510730490797
