Dataset,RMSE,R2
Train,6.6091964587683805,0.9128517073981033
Validation,12.858785192533286,0.7204119591453697
Test,21.593588881201107,0.11856650672980673
