Dataset,RMSE,R2
Train,9.773567625529163,0.8094241767612478
Validation,11.899791615393076,0.7605596048661163
Test,20.941655228246354,0.17098592794527523
