Dataset,RMSE,R2
Train,7.570346962213329,0.8856613319436372
Validation,13.159889381925678,0.7071648633973505
Test,21.43899628784182,0.1311420284468967
