Dataset,RMSE,R2
Train,8.431454665037908,0.8581704978914667
Validation,11.65171551058727,0.770438817800499
Test,23.11782631581197,-0.0102616911414386
