dataset,rmse,r2
Train,3.1040124295201426,0.9951061855520988
Validation,4.444212337401723,0.9897997792375066
Test,11.07202024360268,0.9376990189117128
