dataset,rmse,r2
Train,3.1866470230245407,0.9948421522752656
Validation,4.754948629136581,0.9883235283668024
Test,11.912549573145023,0.927880852345597
