dataset,rmse,r2
Train,3.1866470230245407,0.9948421522752656
Validation,4.754948629136581,0.9883235283668024
Test,11.912550247424662,0.9278808441813541
