dataset,rmse,r2
Train,3.1806507537200384,0.9948615449130568
Validation,4.251871392434337,0.9906635836695448
Test,46.892570415663116,-0.1776907077927219
