dataset,rmse,r2
Train,3.1040124295201426,0.9951061855520988
Validation,4.444212337401723,0.9897997792375066
Test,46.911004938051335,-0.1786168431230546
