dataset,rmse,r2
Train,2.64026520917324,0.9964592464312166
Validation,4.661033424118161,0.9887802183676682
Test,11.972374970216478,0.9271546617725641
