dataset,rmse,r2
Train,2.64026520917324,0.9964592464312166
Validation,4.661033424118161,0.9887802183676682
Test,47.97669650661089,-0.2327750935553783
