dataset,rmse,r2
Train,2.9531242899393924,0.9955704047274916
Validation,3.3089569176271176,0.9943453960091304
Test,49.688878730210305,-0.32233521339412974
