dataset,rmse,r2
Train,3.8332880533206586,0.992536483337116
Validation,4.607742674977204,0.9890353088098554
Test,13.519024514580689,0.9071179366418735
