dataset,rmse,r2
Train,2.341067697940421,0.9972162608284146
Validation,4.14703878644009,0.9911182986776964
Test,47.519450807620046,-0.20938894792586882
