dataset,rmse,r2
Train,2.418879284998614,0.997028135624222
Validation,4.3704586757379,0.99013552432315
Test,46.91599706891428,-0.1788677063307278
