dataset,rmse,r2
Train,2.120794009133318,0.9977154662871776
Validation,3.3489885509870407,0.9942077500348492
Test,15.48425736156543,0.8781510178880729
