dataset,rmse,r2
Train,3.1866470230245407,0.9948421522752656
Validation,4.754948629136581,0.9883235283668024
Test,47.79530708928504,-0.22347100813845766
