dataset,rmse,r2
Train,3.278208623240544,0.9945414942493292
Validation,4.488421080601139,0.9895958367791268
Test,12.990108305544632,0.9142435711264867
