dataset,rmse,r2
Train,6.613883337213724,0.9764884808674298
Validation,5.803568038547072,0.9828658375362378
Test,57.52778397107473,-0.7724682305090456
