dataset,rmse,r2
Train,7.28835721193539,0.9714486314382758
Validation,7.143834725884491,0.974038157139526
Test,59.956492620885804,-0.9252875764320638
