dataset,rmse,r2
Train,4.238403316235548,0.9903445572726628
Validation,6.824813629525518,0.9763051309753435
Test,14.490785354581929,0.8826773311302443
