dataset,rmse,r2
Train,4.238403316235548,0.9903445572726628
Validation,6.824813629525518,0.9763051309753435
Test,58.570342509684124,-0.8372941716965978
