dataset,rmse,r2
Train,4.866325247302594,0.9872717148840728
Validation,6.644695020338498,0.977539323916764
Test,16.113325328139574,0.8549330640954163
