dataset,rmse,r2
Train,6.886836848879402,0.9745078057172364
Validation,6.855439343718347,0.9760919968095202
Test,19.26698300317353,0.7925919944369864
