dataset,rmse,r2
Train,6.024308527869255,0.9804933791855064
Validation,7.109394929472263,0.974287873259408
Test,15.852927881705794,0.8595838520942181
