dataset,rmse,r2
Train,4.148218329860177,0.9907510838329092
Validation,6.359127328055734,0.9794284146586903
Test,61.08929694754753,-0.9987267458874516
