dataset,rmse,r2
Train,6.46222877076837,0.9775543447785292
Validation,5.533968986591869,0.984420763799273
Test,14.310030252604507,0.8855859943414065
