dataset,rmse,r2
Train,7.28835721193539,0.9714486314382758
Validation,7.143834725884491,0.974038157139526
Test,18.45841716325716,0.8096350449595866
