dataset,rmse,r2
Train,4.866325247302594,0.9872717148840728
Validation,6.644695020338498,0.977539323916764
Test,58.05544603287204,-0.8051325689545812
