dataset,rmse,r2
Train,2.5990865214207237,0.9963691433346984
Validation,7.223022387845275,0.9734594057950852
Test,19.2335988306831,0.7933101292742948
