dataset,rmse,r2
Train,2.5990865214207237,0.9963691433346984
Validation,7.223022387845275,0.9734594057950852
Test,59.82892770425965,-0.9171037128659236
