dataset,rmse,r2
Train,4.837407129791794,0.9874225409694328
Validation,6.29260885297993,0.9798565342791332
Test,20.09631332089541,0.7743523197381825
