dataset,rmse,r2
Train,8.026556086379742,0.8698765685792869
Validation,8.754697890916844,0.783955334708654
Test,18.456063369860324,0.38216223538951843
