dataset,rmse,r2
Train,9.265651137424976,0.8266000743785418
Validation,8.521077982297678,0.7953318336264834
Test,14.341170017678204,0.6269513487696448
