dataset,rmse,r2
Train,5.801479307569384,0.9320210404813172
Validation,8.106149686199585,0.8147789008319468
Test,20.96850286149181,0.16885893917314354
