dataset,rmse,r2
Train,4.94034724648137,0.9507039672893502
Validation,6.523237683878315,0.880053487556153
Test,21.463102287653506,0.12918704278261184
