dataset,rmse,r2
Train,6.28123313503705,0.920313116177112
Validation,8.551228866529218,0.7938808801743156
Test,21.55240824920224,0.12192522370751346
