dataset,rmse,r2
Train,8.026556086379742,0.8698765685792869
Validation,8.754697890916844,0.783955334708654
Test,22.366662261425894,0.05432425188480128
