dataset,rmse,r2
Train,8.978688288131371,0.8371743551367756
Validation,8.69630132382671,0.7868278929007106
Test,16.450143679603112,0.5091648047081168
