dataset,rmse,r2
Train,2.1099194682091222,0.9910085698117476
Validation,6.915205211732618,0.8652057508017976
Test,20.28830094552176,0.22190746535149497
