dataset,rmse,r2
Train,9.510768302814704,0.8173043439305653
Validation,7.961787785213195,0.8213173378439584
Test,23.24492863929811,-0.02140111209813944
