dataset,rmse,r2
Train,9.265651137424976,0.8266000743785418
Validation,8.521077982297678,0.7953318336264834
Test,20.442680081059372,0.21002098253143542
