dataset,rmse,r2
Train,8.69005100391006,0.8474747769560095
Validation,8.608261013689637,0.7911223018825129
Test,21.716254089400834,0.10852386657927937
