dataset,rmse,r2
Train,7.224042368124447,0.8945958800186768
Validation,8.72546629272318,0.7853956556890744
Test,20.975865660670816,0.16827514936670185
