dataset,rmse,r2
Train,5.801479307569384,0.9320210404813172
Validation,8.106149686199585,0.8147789008319468
Test,16.788158771784435,0.48878635076417065
