dataset,rmse,r2
Train,8.69005100391006,0.8474747769560095
Validation,8.608261013689637,0.7911223018825129
Test,14.60442683297934,0.613129745041856
