dataset,rmse,r2
Train,0.5432931939087949,0.999233375490284
Validation,0.7277087498798944,0.9986520839451376
Test,25.47808660127395,-0.7597695890298373
