dataset,rmse,r2
Train,0.9546827205079536,0.9976328144827438
Validation,0.7669600318746852,0.9985027541524648
Test,1.9462723221080291,0.9904889176090154
