dataset,rmse,r2
Train,0.5690502430639892,0.9991589624284544
Validation,0.6911289120197155,0.9987841898215366
Test,24.83668219962355,-0.6722813637730749
