dataset,rmse,r2
Train,0.7581819419422622,0.9985069957507344
Validation,0.7369443924905704,0.9986176529512748
Test,2.1063604567456387,0.9888599249482763
