dataset,rmse,r2
Train,0.5161373603059054,0.9993080977167405
Validation,0.6859651543489921,0.9988022897605936
Test,2.1981029288885954,0.9878683804998049
