dataset,rmse,r2
Train,0.8693483392920859,0.9980370834862256
Validation,0.7343491546827279,0.9986273720085652
Test,23.68592876300252,-0.5209082893072916
