dataset,rmse,r2
Train,0.8693483392920859,0.9980370834862256
Validation,0.7343491546827279,0.9986273720085652
Test,2.831891375584442,0.9798638743593197
