dataset,rmse,r2
Train,0.6195401122395695,0.9990030967054804
Validation,0.7319832523583512,0.9986362023377992
Test,26.745286903154692,-0.9391736955943033
