dataset,rmse,r2
Train,0.5690502430639892,0.9991589624284544
Validation,0.6911289120197155,0.9987841898215366
Test,1.9828411883781711,0.9901281489496915
