dataset,rmse,r2
Train,0.8765688728810285,0.998004341342531
Validation,0.7594454085508814,0.9985319502478516
Test,24.04621493480106,-0.5675291967468503
