dataset,rmse,r2
Train,0.5690502430639892,0.9991589624284544
Validation,0.6911289120197155,0.9987841898215366
Test,1.9828415373106725,0.9901281454752731
