dataset,rmse,r2
Train,0.5432931939087949,0.999233375490284
Validation,0.7277087498798944,0.9986520839451376
Test,2.5325019477057356,0.9838964247616163
