dataset,rmse,r2
Train,0.5539742109217932,0.9992029358682036
Validation,0.6814413185119899,0.9988180351034
Test,26.142456360718395,-0.8527421114328579
