dataset,rmse,r2
Train,0.6195401122395695,0.9990030967054804
Validation,0.7319832523583512,0.9986362023377992
Test,3.4791102286282714,0.969608012070776
