dataset,rmse,r2
Train,0.5694532895910319,0.999157770627478
Validation,0.678544859894944,0.9988280616060984
Test,2.00956601662871,0.9898602490912266
