Dataset,RMSE,R2
Train,6.027234269462644,0.9307086763208583
Validation,8.790667511999732,0.8225114704480752
Test,23.09907505103859,-0.008623474690731214
