Dataset,RMSE,R2
Train,8.855475612644973,0.8504224221809417
Validation,8.308932703700087,0.8414314458694027
Test,22.81434614084547,0.016088708384495498
