Dataset,RMSE,R2
Train,10.7970780033658,0.7776407547075513
Validation,8.70388076952638,0.8259987174046316
Test,24.42213261313554,-0.12747536683299332
