Dataset,RMSE,R2
Train,9.274402827729887,0.8359354982291898
Validation,8.693174196914137,0.8264265292305776
Test,21.866878077813826,0.09611441829943246
