Dataset,RMSE,R2
Train,9.74605111073563,0.8188242438071429
Validation,6.592313064123565,0.9001835246759624
Test,21.863614180880262,0.09638422994717888
