Dataset,RMSE,R2
Train,10.05993417110551,0.8069663640052123
Validation,8.768116628298136,0.8234209325121342
Test,23.437271753310124,-0.03837447330192534
