Dataset,RMSE,R2
Train,43.05402125127373,-0.002776650780703882
Validation,42.42953801414385,0.015193162888428202
Test,45.8700135901309,-0.1268883978490707
