Dataset,RMSE,R2
Train,43.26592933682662,-0.012672099268727255
Validation,42.41425013765369,0.015902710700564704
Test,43.57801848593735,-0.017087056449274662
