Dataset,RMSE,R2
Train,43.07050216388347,-0.0035445157578499753
Validation,42.23686385129837,0.024116946551188234
Test,43.60196621796206,-0.018205217468813872
