Dataset,RMSE,R2
Train,43.41296923705051,-0.01956695772167638
Validation,42.368635943602634,0.01801825756761488
Test,44.31778527688586,-0.05191165696723865
