Dataset,RMSE,R2
Train,43.25689149886479,-0.01224906846545415
Validation,42.18930542170946,0.02631338500580649
Test,44.21622328917186,-0.047095900791490175
