Dataset,RMSE,R2
Train,43.00718311204535,-0.0005960115348462303
Validation,42.40618177341362,0.016277080170392533
Test,43.5198391960689,-0.014373123842986946
