Dataset,RMSE,R2
Train,43.47548408241931,-0.02250543271481842
Validation,42.398430290807,0.01663667935445201
Test,50.250391185541545,-0.35239035209441827
