Dataset,RMSE,R2
Train,43.08735803598068,-0.004330154520361784
Validation,42.26387515722779,0.022868354580411254
Test,43.82793374599622,-0.028786277688529704
