Dataset,RMSE,R2
Train,42.87097218269563,0.005732060794016225
Validation,42.378820402557,0.01754610855794947
Test,66.55417358523732,-1.3723226760654836
