Dataset,RMSE,R2
Train,42.726088026438234,0.012441041094047867
Validation,42.17999416248,0.026743126520666127
Test,51.21569995429049,-0.40484818570287806
