Dataset,RMSE,R2
Train,15.243573141824386,-0.07843361171438912
Validation,12.223762106947351,0.07453461242526194
Test,24.0451905893017,-0.5673956491359933
