Dataset,RMSE,R2
Train,15.144329962743383,-0.06443705340111827
Validation,12.19124025261974,0.07945254389879164
Test,24.136688104586156,-0.5793469511056677
