Dataset,RMSE,R2
Train,15.367163072266852,-0.09599167944273068
Validation,12.253679875596301,0.0699988987457888
Test,29.017502007839983,-1.282665293434535
