Dataset,RMSE,R2
Train,15.011747378763548,-0.045881189234644904
Validation,12.243243942787283,0.07158230817952527
Test,21.856373642055235,-0.2950257451930851
