Dataset,RMSE,R2
Train,14.94214994483716,-0.036205845092151634
Validation,12.196119754860254,0.0787155044839456
Test,21.72739546592584,-0.2797865088038649
