Dataset,RMSE,R2
Train,15.065275800266622,-0.05335322848294699
Validation,12.23129622528107,0.07339343928169029
Test,20.48423510732119,-0.13752694554686284
