Dataset,RMSE,R2
Train,15.01169772227613,-0.045874270026786235
Validation,12.24603638680551,0.07115875211914002
Test,20.32078632756685,-0.11944615220597621
