Dataset,RMSE,R2
Train,15.305845747143819,-0.08726278105610485
Validation,12.11806657289332,0.09046991232290535
Test,24.766146823688203,-0.6627964012062104
