Dataset,RMSE,R2
Train,15.086781492937563,-0.05636270003307686
Validation,12.24627254436079,0.07112292746756166
Test,22.60976762961243,-0.3858441318880288
