Dataset,RMSE,R2
Train,15.184969227176536,-0.07015747544069106
Validation,12.215946271579952,0.07571771343365463
Test,27.989409538863672,-1.1237806659238232
