Dataset,RMSE,R2
Train,7.484421850694346,0.8882421402930081
Validation,13.426961408977359,0.6951584301971676
Test,22.49436176525428,0.04349500425995223
