Dataset,RMSE,R2
Train,7.14634980480206,0.8981103428193022
Validation,13.076257524928437,0.7108750051435618
Test,21.315374539414993,0.14113317416967053
