Dataset,RMSE,R2
Train,8.168616226472526,0.8668753296377413
Validation,12.304860277498761,0.7439810681812039
Test,21.413823982894343,0.1331811461053687
