Dataset,RMSE,R2
Train,6.749523290303344,0.909111746013091
Validation,11.752998413671184,0.76643053655941
Test,23.97368117431731,-0.08644899511361248
