Dataset,RMSE,R2
Train,24.03717821921442,-0.1527324709972897
Validation,29.070684486695946,-0.4289901105607743
Test,25.714549937119052,-0.24996469617759032
