Dataset,RMSE,R2
Train,11.492956823465343,0.7364730047428241
Validation,13.198006286131328,0.7054660445785114
Test,21.057483948996936,0.16178997922472793
