Dataset,RMSE,R2
Train,9.420054360263256,0.8229612323424306
Validation,11.53353512813059,0.7750719628219898
Test,22.91919349030367,0.007024452367645262
