Dataset,RMSE,R2
Train,12.637669819220106,0.6813634663417072
Validation,12.960042744902033,0.7159913445162065
Test,23.312940851766083,-0.027386880279147707
