Dataset,RMSE,R2
Train,8.476284416406479,0.8566582832893508
Validation,13.37822775071174,0.6973672820961428
Test,20.644938818832884,0.19431163460843126
