Dataset,RMSE,R2
Train,9.532905798066972,0.818694005735884
Validation,13.07567464210224,0.7109007804447481
Test,20.413912667877288,0.21224277171739292
