Dataset,RMSE,R2
Train,10.460943315129791,0.781675106252754
Validation,13.21665160306703,0.7046332584776255
Test,22.137121146738128,0.07363492051624931
