dataset,rmse,r2
Train,5.732372314253097,0.6705778160915201
Validation,4.768458261476044,0.7545160025230209
Test,10.499689095056562,0.0009383915979743751
