Dataset,RMSE,R2
Train,4.998833309723126,0.7494921310007407
Validation,4.847545076532381,0.7463055724392302
Test,11.642875610011497,-0.3444906490577906
