Dataset,RMSE,R2
Train,6.0990993872427115,0.6270801651443945
Validation,4.662359638332723,0.7653185534580567
Test,11.470095446089774,-0.3048822829114577
