Dataset,RMSE,R2
Train,5.081533971366117,0.7411347653738978
Validation,4.836482002077548,0.7474622146724751
Test,10.79706468707386,-0.15624183130428615
