Dataset,RMSE,R2
Train,23.480724310347732,-0.030231919759520443
Validation,22.85063466829146,0.05009300392332794
Test,31.71462763285281,-0.9013371115419302
