Dataset,RMSE,R2
Train,23.09138573700344,0.0036497941274253876
Validation,22.805012465716512,0.05388227176271754
Test,34.50121289652455,-1.25013522252193
