Dataset,RMSE,R2
Train,22.777060125511408,0.030590304386524325
Validation,22.60992049432599,0.07000069766434736
Test,30.973987368730796,-0.8135691755916008
