Dataset,RMSE,R2
Train,23.488381286913278,-0.03090393888136278
Validation,22.850773969100956,0.050081422344194326
Test,31.784284538706284,-0.9096983451278735
