Dataset,RMSE,R2
Train,23.48444696984211,-0.03055861382614311
Validation,22.848334769694883,0.05028420910035725
Test,32.00712636544042,-0.9365702720337963
