Dataset,RMSE,R2
Train,23.48226605478418,-0.03036721426366107
Validation,22.84811719234251,0.050302296691029036
Test,32.0048342648906,-0.9362929178722241
