Dataset,RMSE,R2
Train,23.493807108703052,-0.03138027201274918
Validation,22.848542846014368,0.05026691118625248
Test,32.078582199720955,-0.9452267011376214
