Dataset,RMSE,R2
Train,23.47270615606524,-0.029528436513424072
Validation,22.84943963151674,0.050192357322114134
Test,31.329280991530897,-0.8554136516240463
