Dataset,RMSE,R2
Train,23.477586984775115,-0.029956633786650366
Validation,22.847647767042012,0.05034132026100602
Test,31.331287798340973,-0.8556513574307123
