Dataset,RMSE,R2
Train,23.47077899561988,-0.029359390386493933
Validation,22.84613941363409,0.050466705039154736
Test,31.268698457350883,-0.8482448321669402
