dataset,rmse,r2
Train,3.2788566835815107,0.9701106254858726
Validation,3.553972728176943,0.9592466860132534
Test,6.5931992231298535,0.8896342610252305
