dataset,rmse,r2
Train,3.735571377599366,0.9612040816846474
Validation,3.692397906394924,0.956010224972372
Test,23.611750973801975,-0.5113970762326545
