dataset,rmse,r2
Train,1.8251828546830289,0.99073842775207
Validation,3.5405288314539742,0.9595544244936082
Test,22.019087442927482,-0.3143796353918724
