dataset,rmse,r2
Train,2.7173540346291953,0.9794711601050188
Validation,3.4454261589160127,0.961698071409768
Test,23.166369977251303,-0.4549168217933772
