dataset,rmse,r2
Train,3.041819258624708,0.9742759841549318
Validation,3.62118248984333,0.9576907260974192
Test,23.107802440212517,-0.44756969033264515
