dataset,rmse,r2
Train,2.505798654970881,0.9825432134542073
Validation,3.676907056576241,0.9563785544877558
Test,23.074762765944367,-0.4434331620459724
