dataset,rmse,r2
Train,2.2563289387470404,0.9858460784208762
Validation,3.6116096943494065,0.9579141242188683
Test,6.451932959751708,0.8943130000335954
