dataset,rmse,r2
Train,1.8251828546830289,0.99073842775207
Validation,3.5405288314539742,0.9595544244936082
Test,6.986373496494784,0.8760788379775857
