dataset,rmse,r2
Train,2.340257342667461,0.9847735314054262
Validation,3.4870520292538965,0.9607669922891624
Test,22.91002848239292,-0.4228969471566393
