dataset,rmse,r2
Train,2.7173540346291953,0.9794711601050188
Validation,3.4454261589160127,0.961698071409768
Test,5.238677597378451,0.9303236774175366
