dataset,rmse,r2
Train,1.6137383454040943,0.9927600061792916
Validation,3.5551233928744357,0.9592202924561822
Test,22.567999967541517,-0.3807286432684711
