dataset,rmse,r2
Train,2.8292380787753415,0.9777458532663896
Validation,3.679322547548779,0.9563212227053884
Test,6.743935819045012,0.8845301145392227
