Dataset,RMSE,R2
Train,10.442739901030174,0.79199602444988
Validation,7.553690953312113,0.8689475911597637
Test,23.7935396904638,-0.0701828889658771
