Dataset,RMSE,R2
Train,8.997003069916323,0.8456031446094711
Validation,8.893783725865452,0.818323099585848
Test,22.578017476680213,0.036367360711965224
