Dataset,RMSE,R2
Train,9.331730462848501,0.8339009739922322
Validation,8.456107951603945,0.8357642793978214
Test,20.428638741027275,0.2111058260535218
