Dataset,RMSE,R2
Train,9.09648618619713,0.842169823519413
Validation,8.947678023006668,0.8161145872528088
Test,22.55530794227227,0.03830487741738142
