Dataset,RMSE,R2
Train,9.459955176876779,0.8293049721799457
Validation,8.48687798968336,0.8345668647476672
Test,22.859583347797184,0.012182961889496302
