Dataset,RMSE,R2
Train,7.137943747888095,0.902817301154615
Validation,8.20620075304478,0.8453283005012713
Test,22.031794550320782,0.08242908694062079
