dataset,rmse,r2
Train,2.477982418632352,0.9777865190249306
Validation,3.5263042961185014,0.9376384934323672
Test,24.067403735573773,-0.570292932957478
