dataset,rmse,r2
Train,2.484358631410763,0.9776720548481737
Validation,3.3457498726219495,0.943861091261778
Test,6.528471601674541,0.8803756527243631
