dataset,rmse,r2
Train,2.2269015537791277,0.982060009225482
Validation,3.4205681275609394,0.9413222414804434
Test,24.842458698716257,-0.6730593304155754
