dataset,rmse,r2
Train,2.477982418632352,0.9777865190249306
Validation,3.5263042961185014,0.9376384934323672
Test,6.336997439142644,0.8872897000072859
