dataset,rmse,r2
Train,2.6652440705370735,0.9743023061724468
Validation,3.483215779893034,0.9391531942130492
Test,6.491397210596869,0.8817304589309463
