dataset,rmse,r2
Train,2.2269015537791277,0.982060009225482
Validation,3.4205681275609394,0.9413222414804434
Test,5.8824434982755625,0.9028792402122625
