dataset,rmse,r2
Train,2.972495501558888,0.9680358918894844
Validation,3.5490119240334033,0.9368327539408298
Test,6.4034468579580235,0.8849135584894883
