dataset,rmse,r2
Train,2.6424179828049943,0.9747405894733362
Validation,3.5459897187791034,0.9369402898429474
Test,6.584159447106102,0.8783261580252071
