dataset,rmse,r2
Train,3.8594054843077297,0.9461158547564916
Validation,3.477823030759342,0.939341455619549
Test,7.278096205572227,0.851326992617746
