dataset,rmse,r2
Train,2.9899836682732195,0.9676586748186534
Validation,3.6047732789034974,0.9348322185456356
Test,6.925480138136905,0.8653841125463463
