dataset,rmse,r2
Train,2.9899836682732195,0.9676586748186534
Validation,3.6047732789034974,0.9348322185456356
Test,6.9254798701525155,0.8653841229643837
