dataset,rmse,r2
Train,2.4952709449666512,0.9774754772370318
Validation,3.4278702410557784,0.9410714474721066
Test,24.59556535554106,-0.6399696422571803
