dataset,rmse,r2
Train,2.9899836682732195,0.9676586748186534
Validation,3.6047732789034974,0.9348322185456356
Test,24.168214056196998,-0.5834753495029728
