dataset,rmse,r2
Train,1.1897528770796375,0.9948792484377352
Validation,3.3504709257379317,0.9437025487705116
Test,5.922899148690813,0.9015387787670681
