Dataset,RMSE,R2
Train,11.070440788162031,0.9352666159322413
Validation,11.86418168456019,0.9287720955016984
Test,48.759858041402694,-0.2733507106823587
