Dataset,RMSE,R2
Train,10.528805178321024,0.9414459871244989
Validation,12.333401159687305,0.9230266646112997
Test,47.64672114731917,-0.21587578475038205
