Dataset,RMSE,R2
Train,11.026395471101083,0.9357806931083443
Validation,12.011656186597063,0.9269903316250625
Test,48.37721805084782,-0.25344404358303363
