Dataset,RMSE,R2
Train,9.679031688266711,0.9505162837545245
Validation,12.246654157091912,0.9241056409564355
Test,46.79327453044621,-0.1727084247074484
