Dataset,RMSE,R2
Train,6.315283741685405,0.9789338961761276
Validation,10.964249601985081,0.9391679548210411
Test,47.54440834771948,-0.21065964019639893
