Dataset,RMSE,R2
Train,12.315076708725735,0.919892583249164
Validation,12.308819029870826,0.9233331952795375
Test,46.4622605442803,-0.15617571148893705
