Dataset,RMSE,R2
Train,14.96682655121842,0.8816800613351404
Validation,11.243548804090597,0.9360292549342565
Test,50.37563359488904,-0.3591400587700415
