dataset,rmse,r2
Train,14.772191010785969,-0.0127673373405028
Validation,12.237692144622468,0.0724241143237618
Test,15.223068936551455,-0.014309771283151473
