dataset,rmse,r2
Train,15.22414139002134,-0.0756858966817444
Validation,12.13028002870953,0.0886356092273683
Test,15.836884130076614,-0.09775559584191629
