dataset,rmse,r2
Train,15.30767260490176,-0.0875223410983336
Validation,12.112827871086797,0.0912561313076626
Test,15.909623024903834,-0.10786274859171208
