dataset,rmse,r2
Train,15.215264181002034,-0.0744317958088192
Validation,12.06352742704856,0.098638437641417
Test,15.832232846120457,-0.09711087013222608
