dataset,rmse,r2
Train,15.258200091963944,-0.080504223712533
Validation,12.114991578272138,0.0909314455654417
Test,21.695458585190472,-0.2760269831667499
