dataset,rmse,r2
Train,15.30767260490176,-0.0875223410983336
Validation,12.112827871086797,0.0912561313076626
Test,21.847902455104283,-0.2940220764788577
