dataset,rmse,r2
Train,15.60881165267743,-0.1307316212549616
Validation,12.161857451189,0.0838845241193164
Test,16.112666933190308,-0.13632102093209886
