dataset,rmse,r2
Train,15.247928019206336,-0.0790498867772819
Validation,12.02558589393074,0.1042993455840818
Test,15.395090528562683,-0.03736281237345773
