dataset,rmse,r2
Train,14.76301375610743,-0.0115093605531801
Validation,12.23218457811582,0.0732588364657068
Test,15.256216846193219,-0.01873185656097487
