dataset,rmse,r2
Train,15.239525629161838,-0.0778609908257015
Validation,12.123854269556425,0.08960090548777
Test,15.846456368999297,-0.09908302293027083
