dataset,rmse,r2
Train,15.247928019206336,-0.0790498867772819
Validation,12.02558589393074,0.1042993455840818
Test,27.044582414304774,-0.9828175282453262
