dataset,rmse,r2
Train,14.76301375610743,-0.0115093605531801
Validation,12.23218457811582,0.0732588364657068
Test,33.39633316988131,-2.0235681328765165
