dataset,rmse,r2
Train,15.264238926223678,-0.081359668929146
Validation,12.033188661346662,0.1031664350642572
Test,26.88818678254191,-0.9599510370696116
