dataset,rmse,r2
Train,15.264238926223678,-0.081359668929146
Validation,12.033188661346662,0.1031664350642572
Test,15.443382464362273,-0.04388110211218632
