dataset,rmse,r2
Train,15.22414139002134,-0.0756858966817444
Validation,12.13028002870953,0.0886356092273683
Test,21.645467174937686,-0.2701532290654014
