dataset,rmse,r2
Train,15.258200091963944,-0.080504223712533
Validation,12.114991578272138,0.0909314455654417
Test,15.85922312348316,-0.10085469668979385
