dataset,rmse,r2
Train,15.239525629161838,-0.0778609908257015
Validation,12.123854269556425,0.08960090548777
Test,21.657525357391915,-0.27156876842768995
