dataset,rmse,r2
Train,6.432296210631648,0.6238116005582619
Validation,4.0325423517713945,0.7202340356247876
Test,9.866061385075104,-0.04410810694798761
