dataset,rmse,r2
Train,7.666114889272609,0.4656522625619498
Validation,4.163935074619913,0.7017057360746464
Test,10.180692102366809,-0.11176359194314944
