dataset,rmse,r2
Train,7.455063525123382,0.4946689030498228
Validation,3.865810064498183,0.7428905564294631
Test,10.183331090975093,-0.11234003835451922
