Dataset,RMSE,R2
Train,7.461787170811723,0.49375698609554264
Validation,4.162654093336612,0.7018892406618369
Test,10.94974880922477,-0.18917448878777687
