Dataset,RMSE,R2
Train,6.764156592955121,0.5839930042891546
Validation,4.150080138780784,0.7036875019116395
Test,10.968813753039596,-0.19331911023461767
