dataset,rmse,r2
Train,6.583176582882335,0.6059563469445717
Validation,4.1660258272262265,0.7014061079241843
Test,9.982299445779091,-0.06885557906159234
