Dataset,RMSE,R2
Train,7.666114889272609,0.4656522625619498
Validation,4.163935074619913,0.7017057360746464
Test,10.51933878367882,-0.09752432665081057
