Dataset,RMSE,R2
Train,6.8237926324221725,0.5766252346879766
Validation,4.1784131799230835,0.6996277767104964
Test,11.702784650060487,-0.3583625440546949
