dataset,rmse,r2
Train,7.854126320998267,0.4391211140334731
Validation,4.12335141128093,0.7074920314926114
Test,9.643302816235064,0.002507932927962253
