Dataset,RMSE,R2
Train,7.455063525123382,0.4946689030498228
Validation,3.865810064498183,0.7428905564294631
Test,10.405604984323467,-0.07392002708122525
