dataset,rmse,r2
Train,6.8237926324221725,0.5766252346879766
Validation,4.1784131799230835,0.6996277767104964
Test,12.186210496791155,-0.5929245018911353
