Dataset,RMSE,R2
Train,6.583176582882335,0.6059563469445717
Validation,4.1660258272262265,0.7014061079241843
Test,10.79873136944847,-0.15659882400068237
