dataset,rmse,r2
Train,7.461787170811723,0.4937569860955426
Validation,4.162654093336612,0.7018892406618369
Test,10.777061573127874,-0.24582938328051762
