Dataset,RMSE,R2
Train,7.627597102867255,0.4710083487336596
Validation,4.054676840344708,0.7171543547946135
Test,10.330558084161654,-0.05848531869361451
