Dataset,RMSE,R2
Train,7.549262086781879,0.4818179872092736
Validation,3.97756082829968,0.7278109413476999
Test,10.575263077991167,-0.1092249531549625
