dataset,rmse,r2
Train,7.627597102867255,0.4710083487336596
Validation,4.054676840344708,0.7171543547946135
Test,10.868687705550759,-0.26710341587438524
