dataset,rmse,r2
Train,12.291968300095848,0.9201929334915204
Validation,11.992916827489362,0.927217958381174
Test,21.60794408269926,0.7404851431804916
