dataset,rmse,r2
Train,5.473397604350446,0.9841761382474452
Validation,12.226007688295072,0.9243613237977102
Test,14.713045983732947,0.8796792540979452
