dataset,rmse,r2
Train,5.473397604350446,0.9841761382474452
Validation,12.226007688295072,0.9243613237977102
Test,14.713046484848494,0.8796792459018725
