dataset,rmse,r2
Train,4.758407065567963,0.9880402619412144
Validation,11.352179710052798,0.9347871612890688
Test,16.374646961658485,0.850968105705269
