dataset,rmse,r2
Train,8.141495629057156,0.9649888099798138
Validation,11.45643487674996,0.9335838691376376
Test,16.27493636190894,0.8527775878524746
