dataset,rmse,r2
Train,13.864393190755251,0.8984686368108922
Validation,11.679095973288511,0.9309771250168224
Test,18.803213479311662,0.8034832901150072
