dataset,rmse,r2
Train,6.133212551549482,0.980131068338822
Validation,12.006192652486824,0.9270567338079204
Test,13.385119921793214,0.9004182247913417
