dataset,rmse,r2
Train,4.758407065567963,0.9880402619412144
Validation,11.352179710052798,0.9347871612890688
Test,47.300227261092,-0.19825603414332216
