dataset,rmse,r2
Train,12.348040330211926,0.9194631641397276
Validation,12.28104864303148,0.923678746722942
Test,16.693350645741805,0.8451103627249801
