dataset,rmse,r2
Train,12.348040330211926,0.9194631641397276
Validation,12.28104864303148,0.923678746722942
Test,50.53513741623677,-0.367760545478506
