dataset,rmse,r2
Train,6.133212551549482,0.980131068338822
Validation,12.006192652486824,0.9270567338079204
Test,47.13231811363772,-0.18976385352588832
