dataset,rmse,r2
Train,8.141495629057156,0.9649888099798138
Validation,11.45643487674996,0.9335838691376376
Test,48.28101057001829,-0.24846356766249889
