dataset,rmse,r2
Train,6.455409982286805,0.9779886771724966
Validation,12.373019082842228,0.9225313557248762
Test,15.802656166253737,0.8611980675257472
