dataset,rmse,r2
Train,8.141495629057156,0.9649888099798138
Validation,11.45643487674996,0.9335838691376376
Test,16.274936086637585,0.8527775928326615
