dataset,rmse,r2
Train,6.679945191980153,0.9764308303317534
Validation,12.233252078902304,0.9242716594572032
Test,46.37717967587828,-0.15194525144927962
