dataset,rmse,r2
Train,4.296702032568161,0.9902485553714016
Validation,12.1342236160914,0.9254927424136296
Test,15.432293460179386,0.8676279552490247
