Dataset,RMSE,R2
Train,13.864393190755251,0.8984686368108922
Validation,11.679095973288513,0.9309771250168223
Test,46.957468670512505,-0.18095275803879574
