Dataset,RMSE,R2
Train,8.141495629057156,0.9649888099798138
Validation,11.456434876749961,0.9335838691376375
Test,48.28101057001829,-0.24846356766249889
