Dataset,RMSE,R2
Train,12.348040330211926,0.9194631641397275
Validation,12.281048643031479,0.9236787467229421
Test,50.53513741623677,-0.367760545478506
