Dataset,RMSE,R2
Train,6.133212551549482,0.9801310683388221
Validation,12.006192652486824,0.9270567338079203
Test,47.13231811363772,-0.18976385352588832
