Dataset,RMSE,R2
Train,6.455409982286805,0.9779886771724966
Validation,12.373019082842227,0.9225313557248762
Test,45.78191338875358,-0.1225638403935898
