Dataset,RMSE,R2
Train,4.296702032568161,0.9902485553714017
Validation,12.1342236160914,0.9254927424136297
Test,46.29854657465248,-0.14804228720906476
