Dataset,RMSE,R2
Train,5.626409513799488,0.682643980762146
Validation,5.0516199578157766,0.7244955891525673
Test,10.285472263463262,-0.049266350952588134
