dataset,rmse,r2
Train,6.323591156038268,0.5991225481465356
Validation,5.087103671633617,0.7206115860484852
Test,10.167781155390465,0.06310316488141643
