Dataset,RMSE,R2
Train,6.323591156038268,0.5991225481465356
Validation,5.087103671633617,0.7206115860484852
Test,9.872844872303745,0.03323282266654515
