dataset,rmse,r2
Train,5.7837691551867225,0.6646440902035924
Validation,5.0384842057629005,0.7259265172366055
Test,11.155810745652289,-0.1278248711031147
