dataset,rmse,r2
Train,5.667423208087824,0.6780003861008492
Validation,5.07533181590409,0.7219031322550316
Test,12.112209505186101,-0.32949326000213475
