dataset,rmse,r2
Train,5.916767948173043,0.6490436246057191
Validation,5.079615135284586,0.7214335352344254
Test,9.89826753994224,0.11211285577288965
