dataset,rmse,r2
Train,5.626409513799488,0.682643980762146
Validation,5.0516199578157766,0.7244955891525673
Test,8.900415431695468,0.2821066215126732
