Dataset,RMSE,R2
Train,5.667423208087824,0.6780003861008492
Validation,5.07533181590409,0.7219031322550316
Test,10.626652443229688,-0.12003146724232416
