Dataset,RMSE,R2
Train,7.399911183079513,0.9714020689644115
Validation,10.797352398140243,0.93577060145264
Test,46.77500609319811,-0.17179293552544417
