Dataset,RMSE,R2
Train,9.326859628951663,0.9545689806461569
Validation,11.56585783358474,0.9263021186759259
Test,47.168738660976935,-0.19160329594634185
