Dataset,RMSE,R2
Train,7.309631802486748,0.9720956055094642
Validation,12.32965834471276,0.9162468040382088
Test,47.53826368912426,-0.21034672813346544
