Dataset,RMSE,R2
Train,6.1851784006363335,0.9800204334835755
Validation,12.776682798088354,0.9100635938486991
Test,47.57265023049421,-0.21209835670699473
