Dataset,RMSE,R2
Train,6.573175551047671,0.9774351701739836
Validation,11.326834429956202,0.9293167666086402
Test,46.467084374034,-0.15641579814212636
