Dataset,RMSE,R2
Train,7.810824616004263,0.9681378283662918
Validation,12.558214427979532,0.9131129420516675
Test,47.67176532273339,-0.2171543033329606
