Dataset,RMSE,R2
Train,4.657856788851088,0.9886693750808209
Validation,12.764904880957838,0.9102293294039222
Test,47.509680570626756,-0.20889168620581877
