Dataset,RMSE,R2
Train,6.849507246736044,0.9754980720105794
Validation,12.784890608484716,0.9099480054621326
Test,51.74306134279895,-0.43392821287455696
