Dataset,RMSE,R2
Train,5.713795416362899,0.9829497413010255
Validation,11.621374404174151,0.925592915215419
Test,47.15976077381779,-0.19114973021103698
