Dataset,RMSE,R2
Train,7.329724867356297,0.9719419847957539
Validation,11.222259518790251,0.9306159064565488
Test,47.70284322361733,-0.21874178096851393
