Dataset,RMSE,R2
Train,1.9589228040872628,0.9886538405111177
Validation,5.632138690941089,0.9342238113108355
Test,22.433866691655158,-0.36436465161961507
