Dataset,RMSE,R2
Train,2.045542163595644,0.9876282506781989
Validation,5.460738030547722,0.9381663748503919
Test,23.017530066427156,-0.4362817017364724
