Dataset,RMSE,R2
Train,2.328531184241576,0.9839683450457676
Validation,5.589504984719272,0.9352158567992322
Test,22.816657322265854,-0.41132238237885566
