Dataset,RMSE,R2
Train,1.6552573869846083,0.9918988754451978
Validation,5.502266661422303,0.9372223156322163
Test,22.80909960272195,-0.41038757303740425
