Dataset,RMSE,R2
Train,1.6472753747828606,0.9919768178429693
Validation,5.702817254489551,0.9325625820399033
Test,22.85020174642096,-0.4154752077816135
