Dataset,RMSE,R2
Train,1.9739773152519557,0.988478777733323
Validation,5.619875572140395,0.9345099346161482
Test,22.602162861292417,-0.38491203463437396
