Dataset,RMSE,R2
Train,2.234795924279611,0.9852330779839039
Validation,5.450045473481192,0.938408288035196
Test,22.87169154002597,-0.4181388668644441
