Dataset,RMSE,R2
Train,1.7128800429103557,0.9913250268595907
Validation,5.562759072491848,0.9358343607566062
Test,23.17576962075048,-0.45609771235879326
