Dataset,RMSE,R2
Train,2.2248459580587623,0.9853642785871569
Validation,5.436069150742011,0.9387237796692247
Test,23.130600953236076,-0.4504274884186803
