Dataset,RMSE,R2
Train,1.6535630119869986,0.9919154521028727
Validation,5.473958324850257,0.9378666174769149
Test,22.823086810222147,-0.41211788529768767
