Dataset,RMSE,R2
Train,14.217000893803892,0.022434261383079246
Validation,14.95725300349193,0.028603884410114522
Test,21.477643949855942,-0.2505338915885875
