Dataset,RMSE,R2
Train,14.031564505261608,0.04776928704041994
Validation,14.92076550580415,0.033337451700308884
Test,44.38675298110089,-4.341078265408322
