Dataset,RMSE,R2
Train,14.346868440285272,0.00449321933062119
Validation,14.921010923757978,0.03330565195175106
Test,20.928578330108625,-0.18741257837544611
