Dataset,RMSE,R2
Train,14.38666497766627,-0.0010372795992314998
Validation,14.990646435439395,0.024261581615771632
Test,20.208725230463564,-0.10713359023970792
