Dataset,RMSE,R2
Train,14.36321175751526,0.0022238530010919577
Validation,14.979624783160624,0.02569584879789355
Test,21.17501217152487,-0.21554076075609419
