Dataset,RMSE,R2
Train,14.55594460487066,-0.024733133906224003
Validation,14.950261572334409,0.029511786658243278
Test,20.62781882021594,-0.15352976638862903
