Dataset,RMSE,R2
Train,14.306017025628767,0.010154379663459667
Validation,14.98374075388122,0.025160353635328203
Test,21.742984679293453,-0.28162363854785877
