Dataset,RMSE,R2
Train,13.872071396265685,0.06929376915368224
Validation,14.95033769983135,0.02950190308179379
Test,49.305019628094236,-5.590289023409712
