Dataset,RMSE,R2
Train,14.411091033259893,-0.004439339685706534
Validation,15.024361385830106,0.019867646205460554
Test,19.545995405132718,-0.03570905695819415
