Dataset,RMSE,R2
Train,14.557447600117165,-0.024944765454324225
Validation,15.052312503409002,0.016217404129741153
Test,20.510465503189796,-0.14044205424570877
