Dataset,RMSE,R2
Train,5.010559843247497,0.7483154426339964
Validation,4.97092122612753,0.7332275498886323
Test,11.302986700792337,-0.26713738439461454
