dataset,rmse,r2
Train,5.775155074736719,0.6656422737405348
Validation,4.832886047905144,0.7478376018684403
Test,10.359525541745816,0.02743391134851869
