Dataset,RMSE,R2
Train,5.466279018316145,0.700451151738138
Validation,4.949747790471567,0.7354953225191854
Test,11.054561017547345,-0.21204926708546656
