Dataset,RMSE,R2
Train,5.916767948173043,0.6490436246057191
Validation,5.079615135284586,0.7214335352344254
Test,10.290085348852642,-0.05020776435798613
