Dataset,RMSE,R2
Train,5.370356861183453,0.7108718658197524
Validation,4.987108409183308,0.7314872988243757
Test,10.590965566983092,-0.11252142409612964
