dataset,rmse,r2
Train,5.010559843247497,0.7483154426339964
Validation,4.97092122612753,0.7332275498886323
Test,12.191155745718495,-0.34688076464126105
