Dataset,RMSE,R2
Train,4.684359049268957,0.7800193840129858
Validation,5.059945170748856,0.7235867627208514
Test,10.559210283526257,-0.10585999749106967
