dataset,rmse,r2
Train,7.996361010317593,0.9656321458675412
Validation,6.858524597159218,0.976070472631839
Test,57.22797121285128,-0.754041522454834
