dataset,rmse,r2
Train,6.614454047261045,0.9764844230882276
Validation,6.791552979841843,0.9765355215372272
Test,20.361353209623356,0.7683611702255815
