dataset,rmse,r2
Train,8.921128626035106,0.9572233044428172
Validation,7.262096800469336,0.9731714755735976
Test,55.969018832910095,-0.6777164277182031
