dataset,rmse,r2
Train,7.244510210490194,0.9717911300701262
Validation,6.264505822872821,0.9800360554734996
Test,19.327919723078477,0.7912779588989456
