dataset,rmse,r2
Train,7.429927986521017,0.970328681905491
Validation,6.864029300442213,0.976032045180654
Test,20.2059271907606,0.7718840490385139
