dataset,rmse,r2
Train,4.310598616791109,0.9900128217532036
Validation,4.220007530060292,0.9909406055021373
Test,17.06288193065767,0.8373317262012159
