dataset,rmse,r2
Train,4.310598616791109,0.9900128217532036
Validation,4.220007530060292,0.9909406055021373
Test,59.385476208495376,-0.8887899216269173
