dataset,rmse,r2
Train,7.429927986521017,0.970328681905491
Validation,6.864029300442213,0.976032045180654
Test,57.00467957524829,-0.7403804157512557
