dataset,rmse,r2
Train,7.033155410671299,0.9734130781663628
Validation,6.953969680241278,0.9753998188292686
Test,57.80996893990918,-0.7898994805367652
