dataset,rmse,r2
Train,8.351625481052263,0.9625104996823848
Validation,7.260585547991058,0.9731826405185
Test,59.504269674172235,-0.8963540714324567
