dataset,rmse,r2
Train,6.614454047261045,0.9764844230882276
Validation,6.791552979841843,0.9765355215372272
Test,58.62013966364808,-0.840419675512617
