dataset,rmse,r2
Train,6.1938684255351975,0.9793798613259156
Validation,7.2740036156565395,0.9730834282321628
Test,58.32145966183774,-0.8217129254271436
