dataset,rmse,r2
Train,8.921128626035106,0.9572233044428172
Validation,7.262096800469336,0.9731714755735976
Test,17.32817111661347,0.8322341572609349
