dataset,rmse,r2
Train,7.033155410671299,0.9734130781663628
Validation,6.953969680241278,0.9753998188292686
Test,15.924452864523689,0.8583139391600296
