dataset,rmse,r2
Train,6.296182086822163,0.9786930057131822
Validation,6.3860194380346496,0.9792540564335376
Test,17.971599797777785,0.8195439010716918
