dataset,rmse,r2
Train,5.3123288163734035,0.984831678405004
Validation,6.487005617846732,0.9785927309195394
Test,20.974450998178803,0.7542014644938586
