dataset,rmse,r2
Train,8.540423295311292,0.9607963571955742
Validation,6.2352207335563605,0.9802222726705522
Test,57.7443339965885,-0.7858374385645861
