dataset,rmse,r2
Train,9.371424281339028,0.952795996738894
Validation,7.597935482288531,0.9706327065572592
Test,21.225534271001802,0.7482813764292591
