dataset,rmse,r2
Train,8.540423295311292,0.9607963571955742
Validation,6.2352207335563605,0.9802222726705522
Test,17.374966238182296,0.8313268228000197
