dataset,rmse,r2
Train,6.666859531002292,0.976110325080358
Validation,5.367513225024048,0.985343881550706
Test,57.39877209888337,-0.7645272662696738
