dataset,rmse,r2
Train,6.581126485434559,0.9767207970720948
Validation,6.968689780188874,0.9752955617199184
Test,18.43676066623117,0.8100814775638465
