dataset,rmse,r2
Train,6.770899392176164,0.9753588852001592
Validation,7.5399979708751586,0.9710788753072648
Test,14.64743732789292,0.8801269974004166
