dataset,rmse,r2
Train,5.483357971734812,0.9838392754299258
Validation,6.338603054145611,0.9795609911811584
Test,17.16838008279115,0.8353139831968154
