dataset,rmse,r2
Train,6.666859531002292,0.976110325080358
Validation,5.367513225024048,0.985343881550706
Test,17.45652834262967,0.8297395242497665
