dataset,rmse,r2
Train,6.770899392176164,0.9753588852001592
Validation,7.5399979708751586,0.9710788753072648
Test,14.647436590334518,0.8801270094726086
