dataset,rmse,r2
Train,6.336484582975912,0.9784193562423664
Validation,6.655349386256613,0.9774672375031755
Test,58.6573349707672,-0.8427559610716846
