dataset,rmse,r2
Train,5.483357971734812,0.9838392754299258
Validation,6.338603054145611,0.9795609911811584
Test,58.73013633217055,-0.8473329980180113
