dataset,rmse,r2
Train,6.336484582975912,0.9784193562423664
Validation,6.655349386256613,0.9774672375031755
Test,16.6391609140825,0.8453104663044648
