dataset,rmse,r2
Train,6.581126485434559,0.9767207970720948
Validation,6.968689780188874,0.9752955617199184
Test,60.4969825363761,-0.9601558222742816
