dataset,rmse,r2
Train,6.327150328433288,0.9784828901623706
Validation,7.492912581301151,0.9714389577625984
Test,16.752116977308308,0.843203096880388
