dataset,rmse,r2
Train,6.220240715929962,0.9792038944032356
Validation,6.8512918303288375,0.9761209165513636
Test,58.898673451680466,-0.8579507466540044
