dataset,rmse,r2
Train,3.922727297706925,0.9706492671987024
Validation,8.94044821179757,0.8164116296157118
Test,14.915093650637296,0.5425294775643554
