dataset,rmse,r2
Train,12.10328599560082,0.7205852652135691
Validation,8.014133724743454,0.8524837876426823
Test,23.783357343790655,-0.06926712429499604
