dataset,rmse,r2
Train,10.7970780033658,0.7776407547075513
Validation,8.70388076952638,0.8259987174046316
Test,17.612715425380255,0.36208357843562267
