dataset,rmse,r2
Train,11.85738073312607,0.731823793291017
Validation,7.8573900378334365,0.8581977222367447
Test,21.428883671258536,0.1319615029378799
