dataset,rmse,r2
Train,9.74605111073563,0.8188242438071429
Validation,6.592313064123565,0.9001835246759624
Test,17.24116482201115,0.38871413551744516
