dataset,rmse,r2
Train,12.10328599560082,0.7205852652135691
Validation,8.014133724743454,0.8524837876426823
Test,16.143436053155785,0.4640761294507739
