dataset,rmse,r2
Train,9.274402827729888,0.8359354982291898
Validation,8.693174196914137,0.8264265292305776
Test,17.213202621676103,0.3906953284487321
