dataset,rmse,r2
Train,3.922727297706925,0.9706492671987024
Validation,8.94044821179757,0.8164116296157118
Test,21.39430377989175,0.13476075822001587
