dataset,rmse,r2
Train,11.1054426799928,0.7647582165915612
Validation,8.478099665728903,0.8349089162317835
Test,17.07310661901277,0.4005730692909295
