dataset,rmse,r2
Train,6.027234269462644,0.9307086763208584
Validation,8.790667511999732,0.8225114704480752
Test,16.951353018958944,0.4090919825066086
