dataset,rmse,r2
Train,10.05993417110551,0.8069663640052123
Validation,8.768116628298136,0.8234209325121342
Test,16.885269087482218,0.413690247750059
