dataset,rmse,r2
Train,7.719688826172121,0.449618688669409
Validation,5.441296517122539,0.7258773681601864
Test,15.862875037394469,-1.158100814197534
