dataset,rmse,r2
Train,6.334705362243819,0.6293901743820074
Validation,5.9181070484937015,0.6757307701865033
Test,11.636295019840869,-0.1612811315284941
