Dataset,RMSE,R2
Train,7.750642955983455,0.44519604126427925
Validation,5.821535096073289,0.6862273056488157
Test,12.615768298319404,-0.578573032030715
