Dataset,RMSE,R2
Train,7.8128101963722205,0.4362602782674855
Validation,5.897415317059192,0.677994319010238
Test,12.213574977033153,-0.4795269368984294
