dataset,rmse,r2
Train,6.108971925678808,0.6553324890196536
Validation,5.856873943819045,0.6824063132451417
Test,13.51826247650087,-0.5672911159582186
