Dataset,RMSE,R2
Train,7.134174029851994,0.529941957384509
Validation,5.707238751391592,0.6984271859148048
Test,12.418450515678282,-0.5295796363226504
