dataset,rmse,r2
Train,7.232095499378615,0.5169496579333377
Validation,5.707658703145589,0.6983828034394246
Test,11.938174404339271,-0.22231674380273825
