dataset,rmse,r2
Train,6.340602465780647,0.6286998370537263
Validation,5.765427098090703,0.692246445993394
Test,14.665011897820854,-0.8444749520403274
