Dataset,RMSE,R2
Train,6.108971925678808,0.6553324890196536
Validation,5.856873943819045,0.6824063132451417
Test,13.204994636853355,-0.7294727725297279
