Dataset,RMSE,R2
Train,6.502242671291038,0.6095275144090945
Validation,5.856876472518115,0.6824060390036123
Test,12.612598957052928,-0.577779991432432
