dataset,rmse,r2
Train,7.134174029851994,0.529941957384509
Validation,5.707238751391592,0.6984271859148048
Test,14.539856300342171,-0.8131266912546657
