Dataset,RMSE,R2
Train,6.340602465780647,0.6286998370537263
Validation,5.765427098090703,0.692246445993394
Test,12.697762149043353,-0.5991589991000921
