Dataset,RMSE,R2
Train,6.783015951915608,0.5750774626336678
Validation,5.9164521820195795,0.6759120941285655
Test,13.456902511245033,-0.7960874704715266
