dataset,rmse,r2
Train,7.8128101963722205,0.4362602782674855
Validation,5.897415317059192,0.677994319010238
Test,12.925231623649326,-0.43279676268772205
