dataset,rmse,r2
Train,7.750642955983455,0.4451960412642792
Validation,5.821535096073289,0.6862273056488157
Test,12.870432196714813,-0.420673189241235
