dataset,rmse,r2
Train,6.783015951915608,0.5750774626336678
Validation,5.9164521820195795,0.6759120941285655
Test,15.663688378587105,-1.1042434863488007
