dataset,rmse,r2
Train,6.334705362243819,0.6293901743820074
Validation,5.9181070484937015,0.6757307701865033
Test,11.636295529125137,-0.16128123317978815
