Dataset,RMSE,R2
Train,7.719688826172121,0.449618688669409
Validation,5.441296517122539,0.7258773681601864
Test,14.48914136132564,-1.0822006132737156
