dataset,rmse,r2
Train,15.584120102459442,-0.1271570462886844
Validation,12.088334517561842,0.0949275581510786
Test,15.98906401790608,-0.11895407925622536
