dataset,rmse,r2
Train,15.207891954679557,-0.0733908627945483
Validation,12.039504289260272,0.1022247805035405
Test,33.880318323680044,-2.1118392446994165
