dataset,rmse,r2
Train,15.511190159581092,-0.1166320821411128
Validation,12.00454024326024,0.107431684961228
Test,15.797089905471797,-0.09224574322816048
