dataset,rmse,r2
Train,15.511190159581092,-0.1166320821411128
Validation,12.00454024326024,0.107431684961228
Test,35.25711847587574,-2.3698907335772947
