dataset,rmse,r2
Train,15.140454859630138,-0.0638923907285389
Validation,12.055108425686596,0.0998960990144752
Test,15.68611448785634,-0.07695347531536423
