dataset,rmse,r2
Train,15.115819956837347,-0.0604331071409418
Validation,11.972323799278596,0.1122160067769751
Test,15.676941680465204,-0.07569429817317852
