dataset,rmse,r2
Train,15.115819956837347,-0.0604331071409418
Validation,11.972323799278596,0.1122160067769751
Test,15.676941860383852,-0.07569432286389555
