dataset,rmse,r2
Train,15.236268710995065,-0.0774003295159517
Validation,12.086193083131793,0.0952481948136475
Test,15.600602712840429,-0.0652436046273055
