dataset,rmse,r2
Train,15.236268710995065,-0.0774003295159517
Validation,12.086193083131793,0.0952481948136475
Test,15.600602364696009,-0.06524355708316643
