dataset,rmse,r2
Train,15.150630625600677,-0.0653229366518799
Validation,12.015238157692606,0.1058401414420153
Test,15.687494471837246,-0.07714297334796516
