dataset,rmse,r2
Train,15.236268710995065,-0.0774003295159517
Validation,12.086193083131793,0.0952481948136475
Test,29.19759502051381,-1.3110872962544833
