dataset,rmse,r2
Train,15.4574305462663,-0.1089053144268172
Validation,12.079595726637832,0.0962356589470535
Test,15.821059241048552,-0.09556284365782042
