dataset,rmse,r2
Train,15.026515922414925,-0.0479400754599181
Validation,11.86032929452313,0.1287477825946027
Test,31.449620847632605,-1.6813469790418996
