dataset,rmse,r2
Train,15.026515922414925,-0.0479400754599181
Validation,11.86032929452313,0.1287477825946027
Test,15.953298575025821,-0.1139537704780138
