dataset,rmse,r2
Train,15.264714290748133,-0.0814270221763642
Validation,12.088368454650366,0.0949224762985454
Test,29.35428175722606,-1.3359584106584919
