dataset,rmse,r2
Train,15.4574305462663,-0.1089053144268172
Validation,12.079595726637832,0.0962356589470535
Test,36.731998896310635,-2.65772722254013
