dataset,rmse,r2
Train,15.264714290748133,-0.0814270221763642
Validation,12.088368454650366,0.0949224762985454
Test,15.777899217040426,-0.08959358185667199
