dataset,rmse,r2
Train,3.990933180433617,0.8403081476538092
Validation,5.399806480752684,0.8508912105698274
Test,6.213539535245169,0.399227500061588
