dataset,rmse,r2
Train,4.2347801648668355,0.8201975579530322
Validation,5.568962756193286,0.8414028131519757
Test,6.638533623229911,0.31423355445868495
