Dataset,RMSE,R2
Train,4.2347801648668355,0.8201975579530322
Validation,5.568962756193286,0.8414028131519757
Test,12.206754778998395,-0.4778750291883085
