dataset,rmse,r2
Train,4.015950060948296,0.8382998388350122
Validation,5.52153463157418,0.8440926988694392
Test,6.938268343492852,0.2509098301729553
