Dataset,RMSE,R2
Train,4.264709957433696,0.8176470280134325
Validation,5.570889315013021,0.8412930621359279
Test,13.30772378624689,-0.7564865440592066
