dataset,rmse,r2
Train,4.281181172665971,0.8162357361309289
Validation,5.491346578210193,0.8457928319450938
Test,6.472450088496025,0.34811748400081366
