dataset,rmse,r2
Train,4.015950060948296,0.8382998388350122
Validation,5.52153463157418,0.8440926988694392
Test,6.9382682304672665,0.25090985457857073
