dataset,rmse,r2
Train,3.8882227064853176,0.8484220218854346
Validation,5.440409250423166,0.8486403922700897
Test,7.960308459335577,0.013966417385333885
