dataset,rmse,r2
Train,4.474715837856714,0.799245740953411
Validation,5.129999976495533,0.865419673062447
Test,7.266002023545229,0.17847091836576223
