Dataset,RMSE,R2
Train,4.015950060948296,0.8382998388350122
Validation,5.52153463157418,0.8440926988694392
Test,15.54467276831266,-1.3966269527684485
