Dataset,RMSE,R2
Train,3.9909331804336166,0.8403081476538092
Validation,5.399806480752684,0.8508912105698274
Test,11.776272983769484,-0.37547594529726624
