Dataset,RMSE,R2
Train,3.969410075938005,0.8420259395712133
Validation,5.259091151620857,0.8585613022463884
Test,11.942769735268659,-0.4146447386408625
