dataset,rmse,r2
Train,4.916774809794008,0.757621283560773
Validation,5.495516027789395,0.845558571333573
Test,7.996501313099076,0.004979705703024084
