dataset,rmse,r2
Train,4.474715837856714,0.799245740953411
Validation,5.129999976495533,0.865419673062447
Test,7.266000623691239,0.17847123491416084
