Dataset,RMSE,R2
Train,4.474715837856714,0.799245740953411
Validation,5.129999976495533,0.865419673062447
Test,11.962744822852272,-0.4193808734898947
