Dataset,RMSE,R2
Train,4.440991803795985,0.8022603374053676
Validation,5.5309809073946115,0.8435587881882559
Test,13.919726600298626,-0.9217579285893678
