Dataset,RMSE,R2
Train,4.916774809794008,0.757621283560773
Validation,5.495516027789395,0.845558571333573
Test,11.797427501381396,-0.38042210527212283
