dataset,rmse,r2
Train,3.969410075938005,0.8420259395712133
Validation,5.259091151620857,0.8585613022463884
Test,7.156962483495768,0.20294297440719355
