dataset,rmse,r2
Train,4.264709957433696,0.8176470280134325
Validation,5.570889315013021,0.8412930621359279
Test,7.802000220949202,0.05279533257405544
