Dataset,RMSE,R2
Train,3.8882227064853176,0.8484220218854346
Validation,5.440409250423166,0.8486403922700897
Test,13.445262522350147,-0.7929816448421014
