dataset,rmse,r2
Train,4.440991803795985,0.8022603374053676
Validation,5.5309809073946115,0.8435587881882559
Test,8.889534421609339,-0.22967387038012554
