dataset,rmse,r2
Train,4.357919074279907,0.8246028986879209
Validation,6.01922176268764,0.664555407615638
Test,16.60406397773083,-1.3644858467317253
