Dataset,RMSE,R2
Train,6.77117968711621,0.5765591361277289
Validation,5.954435394108626,0.6717374929876392
Test,10.996730622360056,-0.19940110378753606
