Dataset,RMSE,R2
Train,5.265057156125785,0.7439821361642338
Validation,5.905050709608163,0.6771599767611642
Test,10.231081255629636,-0.03819836028040213
