dataset,rmse,r2
Train,6.77117968711621,0.5765591361277289
Validation,5.954435394108626,0.6717374929876392
Test,12.167616094734715,-0.269752041885696
