dataset,rmse,r2
Train,5.7375453040594575,0.6959700662485311
Validation,6.035334037867121,0.6627571653992801
Test,13.336472904991624,-0.5254216168034427
