dataset,rmse,r2
Train,5.2674775958724265,0.743746690191643
Validation,5.579003205264814,0.7118269727364084
Test,13.123604660507178,-0.47711463385999764
