dataset,rmse,r2
Train,6.57189642899173,0.601117015837227
Validation,5.96705544979794,0.6703445544694142
Test,12.190482310953751,-0.2745289359372929
