Dataset,RMSE,R2
Train,5.367261938256303,0.7339460747984922
Validation,5.831466158275029,0.685155851471944
Test,11.138971659628206,-0.2306299174702835
