dataset,rmse,r2
Train,5.734548857475552,0.6962875440268173
Validation,5.893787285089922,0.6783903866076919
Test,12.030623288183808,-0.24132121739570356
