Dataset,RMSE,R2
Train,5.2674775958724265,0.743746690191643
Validation,5.579003205264814,0.7118269727364084
Test,11.0220686341797,-0.2049346486763517
