dataset,rmse,r2
Train,5.367261938256303,0.7339460747984922
Validation,5.831466158275029,0.685155851471944
Test,12.890517576562809,-0.42511080650891975
