Dataset,RMSE,R2
Train,5.401273150032784,0.7305635357225032
Validation,6.035712357338475,0.6627148845482465
Test,11.489245678386517,-0.30924312879004123
