dataset,rmse,r2
Train,5.265057156125785,0.7439821361642338
Validation,5.905050709608163,0.6771599767611642
Test,11.720781299936881,-0.17820550463670637
