Dataset,RMSE,R2
Train,5.734548857475552,0.6962875440268173
Validation,5.893787285089922,0.6783903866076919
Test,10.873268287416225,-0.1726204904915467
