dataset,rmse,r2
Train,5.734548857475552,0.6962875440268173
Validation,5.893787285089922,0.6783903866076919
Test,12.030623662613207,-0.24132129466304963
