dataset,rmse,r2
Train,6.57189642899173,0.601117015837227
Validation,5.96705544979794,0.6703445544694142
Test,12.190482741558718,-0.27452902597778284
