dataset,rmse,r2
Train,5.89446244115491,0.6791127223023282
Validation,5.851034757972381,0.6830392666378626
Test,12.420733259134606,-0.32312962360650865
