dataset,rmse,r2
Train,5.7375453040594575,0.6959700662485311
Validation,6.035334037867121,0.6627571653992801
Test,13.336473186832437,-0.5254216812771721
