Dataset,RMSE,R2
Train,6.57189642899173,0.601117015837227
Validation,5.96705544979794,0.6703445544694142
Test,11.157470811556875,-0.23472087211273296
