Dataset,RMSE,R2
Train,4.357919074279907,0.8246028986879209
Validation,6.01922176268764,0.664555407615638
Test,14.855625053204305,-1.1888657714054935
