dataset,rmse,r2
Train,5.401273150032784,0.7305635357225032
Validation,6.035712357338475,0.6627148845482465
Test,13.189580355712753,-0.4920036265662302
