Dataset,RMSE,R2
Train,5.89446244115491,0.6791127223023282
Validation,5.851034757972381,0.6830392666378626
Test,11.181252128361715,-0.23998991230132893
