dataset,rmse,r2
Train,24.154998505614884,-0.1066164837406817
Validation,23.302142184978212,0.0973015076174966
Test,26.643004369116767,-0.17732534701657676
