dataset,rmse,r2
Train,23.901047513400624,-0.0834702116570933
Validation,23.63847068372026,0.0710554882101651
Test,28.833615475750488,-0.5715858021389397
