dataset,rmse,r2
Train,24.07044802007961,-0.0988829948048877
Validation,23.444709989441012,0.0862218878955727
Test,30.345269819928145,-0.7406918612605773
