dataset,rmse,r2
Train,24.117211382474373,-0.1031568978667125
Validation,23.659128297552552,0.0694311731512461
Test,25.68131838119382,-0.09386753278540438
