dataset,rmse,r2
Train,23.901047513400624,-0.0834702116570933
Validation,23.63847068372026,0.0710554882101651
Test,24.677438807100945,-0.010020688187606375
