dataset,rmse,r2
Train,24.56030603937126,-0.1440648782544433
Validation,23.62566923902343,0.0720613580005287
Test,25.32057988899415,-0.0633528451566423
