dataset,rmse,r2
Train,24.88260337233598,-0.1742883141800215
Validation,23.37014315436246,0.0920252597205909
Test,25.286386816856,-0.06048286739257214
