dataset,rmse,r2
Train,24.519746572232663,-0.1402893270429885
Validation,23.45682787787815,0.0852770331376893
Test,23.92782059864113,-0.08229631456913111
