dataset,rmse,r2
Train,24.07044802007961,-0.0988829948048877
Validation,23.444709989441012,0.0862218878955727
Test,24.809331882566564,-0.02084601987007595
