dataset,rmse,r2
Train,24.62674074176978,-0.1502625539466446
Validation,23.483572628147787,0.083189966292015
Test,26.96668560373245,-0.20610535564676424
