dataset,rmse,r2
Train,25.07256429022811,-0.1922864608008248
Validation,23.52997028485172,0.0795636135273758
Test,28.57512294665477,-0.3542733038225263
