dataset,rmse,r2
Train,24.519746572232663,-0.1402893270429885
Validation,23.45682787787815,0.0852770331376893
Test,25.965675354662324,-0.1182253873237773
