Dataset,RMSE,R2
Train,8.982419617381801,0.9578625471999219
Validation,13.001229750824098,0.9068745960807779
Test,50.760998205083986,-0.3800139533036426
