Dataset,RMSE,R2
Train,4.4489321337137895,0.9896630322372879
Validation,11.701528404795793,0.9245629866358206
Test,47.45166363743335,-0.20594098800737193
