Dataset,RMSE,R2
Train,8.622614407639999,0.9611707027067229
Validation,13.02618075564853,0.9065168142306373
Test,48.45502678005276,-0.25747930330351365
