Dataset,RMSE,R2
Train,6.453288944826675,0.978250773196516
Validation,12.886918715231557,0.9085049746321966
Test,47.47191327240994,-0.20697045982916018
