Dataset,RMSE,R2
Train,11.755385431538889,0.9278302257920953
Validation,11.570078172034089,0.9262483246982534
Test,47.3791246672567,-0.20225678191520435
