Dataset,RMSE,R2
Train,10.888809949900255,0.9380783620438873
Validation,13.169981953940715,0.9044414253394539
Test,48.89695224179217,-0.28052113386961297
