Dataset,RMSE,R2
Train,8.559306274945037,0.9617387870421025
Validation,12.653414912894252,0.9117906134931435
Test,49.21555911532087,-0.29726295521499035
