Dataset,RMSE,R2
Train,9.35567779758389,0.9542878010262903
Validation,12.896772470477572,0.9083650010216263
Test,48.52828623528184,-0.2612845592262756
