Dataset,RMSE,R2
Train,7.871163786809154,0.9676436518924122
Validation,12.894538128958217,0.9083967494528816
Test,47.62760989888664,-0.21490059722735122
