Dataset,RMSE,R2
Train,3.9823684815731455,0.9917174420285887
Validation,12.539350978713626,0.9133737687275746
Test,47.654738657129826,-0.21628500981227505
