Dataset,RMSE,R2
Train,24.271675386599203,-0.11733297360081818
Validation,23.222043967370567,0.10349666948447189
Test,27.54974489821258,-0.43474610831500615
