Dataset,RMSE,R2
Train,24.246821774280967,-0.11504590092615263
Validation,23.21181099628102,0.10428659748588198
Test,27.224845085343237,-0.4011051399662209
