Dataset,RMSE,R2
Train,24.08512282046144,-0.10022329426558807
Validation,23.213368138964942,0.10416641725912512
Test,27.28986994151339,-0.4078060384453117
