Dataset,RMSE,R2
Train,24.417543613284348,-0.13080325339622023
Validation,23.22116050822871,0.10356488130926078
Test,27.292647740758806,-0.40809265040697795
