Dataset,RMSE,R2
Train,24.118387012678678,-0.10326445061470224
Validation,23.210573513153182,0.10438210064817233
Test,26.98658007595358,-0.37668821409079767
