Dataset,RMSE,R2
Train,24.354142257869732,-0.12493850459032285
Validation,23.222454208398684,0.10346499391817232
Test,27.237788102034767,-0.4024376608927338
