Dataset,RMSE,R2
Train,24.006786469483707,-0.09307802726380743
Validation,23.21217867396645,0.10425822085994463
Test,27.353650465610663,-0.41439423649961116
