Dataset,RMSE,R2
Train,24.120246734225482,-0.10343459829276447
Validation,23.20711951641664,0.1046486370289923
Test,27.323051784847916,-0.41123163183388156
