Dataset,RMSE,R2
Train,24.303805580154005,-0.12029312249423896
Validation,23.224366690015092,0.10331731983469328
Test,27.19619993170334,-0.3981582906799417
