Dataset,RMSE,R2
Train,24.206067255971984,-0.11130067046703962
Validation,23.218868568873543,0.10374182970367041
Test,27.466799247622262,-0.426119763447504
