Dataset,RMSE,R2
Train,1.2774877916500935,0.9951746618074998
Validation,5.7823673408587775,0.9306680556503621
Test,22.62630460780135,-0.3878721098531004
