Dataset,RMSE,R2
Train,2.7628413629978756,0.9774302816934447
Validation,5.99164183236241,0.9255587405288086
Test,23.96777568697898,-0.5573192514999945
