Dataset,RMSE,R2
Train,2.1203180607606678,0.9867072062775997
Validation,5.7326196199444635,0.9318558976134362
Test,22.402115492641883,-0.3605053474615305
