Dataset,RMSE,R2
Train,3.6097966964854953,0.9614717106872892
Validation,5.709065455002898,0.9324147276303192
Test,23.374078200166792,-0.48112316597747107
