Dataset,RMSE,R2
Train,1.4721669342643489,0.9935919136088929
Validation,5.984842907774068,0.9257275868541655
Test,22.916796417453316,-0.4237377576838768
