Dataset,RMSE,R2
Train,2.1142779774848965,0.9867828319333296
Validation,5.904238789721075,0.9277147227364876
Test,22.896607171518607,-0.42123029288121705
