Dataset,RMSE,R2
Train,2.663268776320159,0.9790277881946184
Validation,5.955526744788901,0.9264534369246197
Test,22.834691895154098,-0.41355431802484577
