Dataset,RMSE,R2
Train,3.1520342680762754,0.9706237672248526
Validation,5.9567964239100935,0.9264220742950381
Test,23.246654609042114,-0.465018522106567
