Dataset,RMSE,R2
Train,2.362023746997223,0.9835038438393939
Validation,5.99538227524325,0.9254657676176568
Test,24.131490115858753,-0.5786667796060154
