Dataset,RMSE,R2
Train,2.4239113627913906,0.9826280844587237
Validation,5.804060892487773,0.9301468582276308
Test,23.630165464108178,-0.5137554324248619
