Dataset,RMSE,R2
Train,41.970468186517266,0.040359000400559286
Validation,42.89680079313858,0.04648792874795471
Test,46.239974178292314,-0.1451393428253378
