Dataset,RMSE,R2
Train,41.54248211243457,0.059830734542190456
Validation,43.05482066532324,0.039450043726043105
Test,43.246615076786306,-0.00167633038300119
