Dataset,RMSE,R2
Train,43.87920845438806,-0.048911232157369255
Validation,43.19553983947863,0.03316091355123152
Test,43.49269688100264,-0.01310823639120584
