Dataset,RMSE,R2
Train,43.7858494374844,-0.04445257621792664
Validation,43.222395209876815,0.03195834063491798
Test,48.81869263766801,-0.27642546422679404
