Dataset,RMSE,R2
Train,43.666794600236344,-0.038780511769473947
Validation,43.09997405169114,0.037434249643652606
Test,45.39228140662092,-0.10353774349325962
