Dataset,RMSE,R2
Train,43.797126583734126,-0.04499064782722417
Validation,42.277292258479974,0.07382998666846075
Test,51.14837954915763,-0.4011574115011649
