Dataset,RMSE,R2
Train,37.52890226807799,0.23272174649010446
Validation,42.987232463426935,0.04246345247594796
Test,46.78928713914095,-0.17250857341713433
