Dataset,RMSE,R2
Train,43.324840401433384,-0.022574856325737747
Validation,43.23518863901119,0.031385193072526074
Test,44.01521291148913,-0.0375971827117374
