Dataset,RMSE,R2
Train,43.41813508300062,-0.026983574816910272
Validation,43.24560174972589,0.030918558917617522
Test,44.5437311745201,-0.06266494678291945
