Dataset,RMSE,R2
Train,43.48224552192224,-0.030018664968683995
Validation,43.006415456850306,0.04160866305679145
Test,45.29641620272141,-0.09888148228781146
