dataset,rmse,r2
Train,9.34523172374059,0.8334199981293785
Validation,8.4796980844051,0.8348466594625251
Test,19.219473478686574,0.2403839756927757
