dataset,rmse,r2
Train,9.3317304628485,0.8339009739922322
Validation,8.456107951603945,0.8357642793978214
Test,20.42863874102727,0.2111058260535219
