dataset,rmse,r2
Train,11.842756070344018,0.7324849119691663
Validation,8.88887710891307,0.8185235031695564
Test,15.45587686141428,0.5087546596760673
