dataset,rmse,r2
Train,9.09648618619713,0.842169823519413
Validation,8.947678023006668,0.8161145872528088
Test,17.294984775942652,0.3848918037097999
