dataset,rmse,r2
Train,11.0918491012739,0.7653337579145785
Validation,9.008258097666682,0.8136161730555882
Test,17.20614972922331,0.3911945359488471
