dataset,rmse,r2
Train,9.3317304628485,0.8339009739922322
Validation,8.456107951603945,0.8357642793978214
Test,15.716559371453265,0.4920439926679908
