dataset,rmse,r2
Train,7.137943747888095,0.902817301154615
Validation,8.20620075304478,0.8453283005012713
Test,17.383710359869685,0.37856444057362637
