dataset,rmse,r2
Train,9.3317304628485,0.8339009739922322
Validation,8.456107951603945,0.8357642793978214
Test,15.716558923569496,0.4920440216190153
