dataset,rmse,r2
Train,11.0918491012739,0.7653337579145785
Validation,9.008258097666682,0.8136161730555882
Test,23.74681145932283,-0.0659835433593281
