dataset,rmse,r2
Train,8.997003069916323,0.8456031446094711
Validation,8.893783725865452,0.818323099585848
Test,17.971744860012407,0.3358110673295194
