dataset,rmse,r2
Train,9.34523172374059,0.8334199981293785
Validation,8.4796980844051,0.8348466594625251
Test,22.918889852927638,0.007050762411467737
