dataset,rmse,r2
Train,6.2335998261614645,0.925882536024233
Validation,8.377928902407646,0.8387870503565911
Test,16.03790048825532,0.471060287553868
