dataset,rmse,r2
Train,6.2335998261614645,0.925882536024233
Validation,8.377928902407646,0.8387870503565911
Test,21.467966430885117,0.12879229659297087
