dataset,rmse,r2
Train,0.532425875521733,0.9992637378435936
Validation,0.5798718062759959,0.9991441224404624
Test,2.6130746336886634,0.9828554394098166
