dataset,rmse,r2
Train,0.8111834575530252,0.9982909595490254
Validation,0.5748570195002362,0.999158861851553
Test,2.7933239251134627,0.9804086062615457
