dataset,rmse,r2
Train,0.5549797661571131,0.9992000396343524
Validation,0.5390850615506901,0.9992602887101047
Test,26.547292518833757,-0.9105687054099862
