dataset,rmse,r2
Train,0.4185275136003463,0.999545051541568
Validation,0.5807623197038593,0.9991414916669482
Test,25.45617165285939,-0.7567435632190838
