dataset,rmse,r2
Train,0.5073732858604759,0.9993313953923189
Validation,0.5335354736793166,0.9992754401703984
Test,25.485961937679154,-0.7608576549915018
