dataset,rmse,r2
Train,0.5549797661571131,0.9992000396343524
Validation,0.5390850615506901,0.9992602887101047
Test,3.0063530897258017,0.9773064361929847
