dataset,rmse,r2
Train,0.481015676266894,0.9993990578983426
Validation,0.5270604505167571,0.999292920069949
Test,2.260790596412088,0.9871665504754091
