dataset,rmse,r2
Train,0.6808248221385067,0.9987961151933212
Validation,0.5870178783415628,0.9991228975799532
Test,3.889977562849114,0.9620058333473587
