dataset,rmse,r2
Train,0.4010740458898489,0.9995822049510396
Validation,0.5201624350090404,0.999311307072798
Test,25.67451514468557,-0.7870087993790291
