dataset,rmse,r2
Train,0.5073732858604759,0.9993313953923189
Validation,0.5335354736793166,0.9992754401703984
Test,3.105910386685281,0.9757785257679673
