dataset,rmse,r2
Train,0.3896696895066647,0.9996056267749428
Validation,0.5912228509362599,0.9991102867156249
Test,26.671224200693835,-0.9284486965305228
