dataset,rmse,r2
Train,0.8368745838650578,0.9981809906649391
Validation,0.4629230043338255,0.9994545371485613
Test,2.4196570561023956,0.9852995589765696
