dataset,rmse,r2
Train,41.970468186517266,0.0403590004005592
Validation,42.89680079313858,0.0464879287479547
Test,46.239974178292314,-0.1451393428253378
