dataset,rmse,r2
Train,43.41813508300062,-0.0269835748169102
Validation,43.24560174972589,0.0309185589176175
Test,44.5437311745201,-0.06266494678291945
