dataset,rmse,r2
Train,37.52890226807799,0.2327217464901044
Validation,42.987232463426935,0.0424634524759479
Test,46.3243315783713,-0.1900054629769179
