dataset,rmse,r2
Train,43.87920845438806,-0.0489112321573692
Validation,43.19553983947863,0.0331609135512315
Test,43.02839354184551,-0.02669369785883502
