dataset,rmse,r2
Train,43.666794600236344,-0.0387805117694739
Validation,43.09997405169114,0.0374342496436526
Test,43.42868595390635,-0.04588518152962062
