dataset,rmse,r2
Train,43.324840401433384,-0.0225748563257377
Validation,43.23518863901119,0.031385193072526
Test,43.364451552373644,-0.042793578655855535
