dataset,rmse,r2
Train,43.87920845438806,-0.0489112321573692
Validation,43.19553983947863,0.0331609135512315
Test,43.49269688100264,-0.01310823639120584
