dataset,rmse,r2
Train,43.41813508300062,-0.0269835748169102
Validation,43.24560174972589,0.0309185589176175
Test,44.94083014919069,-0.11998656487758042
