dataset,rmse,r2
Train,37.52890226807799,0.2327217464901044
Validation,42.987232463426935,0.0424634524759479
Test,46.324331333843354,-0.19000545041377515
