dataset,rmse,r2
Train,43.7858494374844,-0.0444525762179266
Validation,43.222395209876815,0.0319583406349179
Test,44.864139486088156,-0.11616735525993116
