dataset,rmse,r2
Train,41.54248211243457,0.0598307345421904
Validation,43.05482066532324,0.0394500437260431
Test,43.41785493871195,-0.045363563826690045
