dataset,rmse,r2
Train,43.324840401433384,-0.0225748563257377
Validation,43.23518863901119,0.031385193072526
Test,44.01521291148913,-0.0375971827117374
