dataset,rmse,r2
Train,43.48224552192224,-0.0300186649686839
Validation,43.006415456850306,0.0416086630567914
Test,44.35594657320817,-0.0910240786003762
