dataset,rmse,r2
Train,43.797126583734126,-0.0449906478272241
Validation,42.277292258479974,0.0738299866684607
Test,44.6615890025074,-0.10611166748810241
