dataset,rmse,r2
Train,43.797126583734126,-0.0449906478272241
Validation,42.277292258479974,0.0738299866684607
Test,51.14837954915763,-0.4011574115011649
