dataset,rmse,r2
Train,8.101607769431123,0.3938131426874456
Validation,5.866866123295427,0.6813217209523579
Test,12.453550009214036,-0.3301305267285708
