dataset,rmse,r2
Train,6.5973167067640714,0.5980252669888428
Validation,6.002876476223228,0.6663747436266514
Test,13.730014407061624,-0.6167762037184994
