Dataset,RMSE,R2
Train,7.411041142677753,0.4927494368454518
Validation,6.0581419948924,0.660203419741406
Test,11.768999308048723,-0.3737773304207366
