Dataset,RMSE,R2
Train,7.322810899109207,0.5047554239288068
Validation,6.059930283974685,0.6600027825819402
Test,11.664843168795462,-0.34956895472154015
