Dataset,RMSE,R2
Train,6.269027209919859,0.6370352924274043
Validation,5.952866958043052,0.6719104030663854
Test,11.94549397002865,-0.41529019425936764
