dataset,rmse,r2
Train,7.411041142677753,0.4927494368454518
Validation,6.0581419948924,0.660203419741406
Test,12.729410498269237,-0.3897110356840685
