dataset,rmse,r2
Train,7.322810899109207,0.5047554239288068
Validation,6.059930283974685,0.6600027825819402
Test,13.085484459568207,-0.4685459320168228
