dataset,rmse,r2
Train,6.625147739584345,0.5946266218535755
Validation,5.681972344033388,0.7010914498333561
Test,17.66499907979428,-1.676302260168649
