Dataset,RMSE,R2
Train,8.101607769431123,0.3938131426874456
Validation,5.866866123295427,0.6813217209523579
Test,11.009784715273124,-0.20225038457197853
