dataset,rmse,r2
Train,7.992790612288124,0.4099878418622342
Validation,6.055244535304262,0.660528374626287
Test,11.656496407010144,-0.16531675512392896
