dataset,rmse,r2
Train,6.9999955893190675,0.5474572391521797
Validation,5.95255962246524,0.67194427951739
Test,12.347857634013339,-0.307648890775436
