dataset,rmse,r2
Train,7.0891885012255855,0.535851300363644
Validation,5.903864856403902,0.6772896293090471
Test,12.45897593666123,-0.3312898369603967
