Dataset,RMSE,R2
Train,7.992790612288124,0.40998784186223425
Validation,6.055244535304262,0.660528374626287
Test,10.438447497711936,-0.08070980882990142
