Dataset,RMSE,R2
Train,6.625147739584345,0.5946266218535755
Validation,5.681972344033388,0.7010914498333561
Test,15.581717522651164,-1.408063442614992
