Dataset,RMSE,R2
Train,6.5164665119486695,0.6078173065673116
Validation,6.029413805702218,0.6634184632246596
Test,10.433764897955932,-0.07974043164381794
