dataset,rmse,r2
Train,6.269027209919859,0.6370352924274043
Validation,5.952866958043052,0.6719104030663854
Test,13.307745461978282,-0.5188570226942053
