Dataset,RMSE,R2
Train,7.0891885012255855,0.535851300363644
Validation,5.903864856403902,0.6772896293090471
Test,11.051761415823725,-0.21143543438135892
