Dataset,RMSE,R2
Train,3.2402764996510247,0.9708098652302932
Validation,3.4768859870000104,0.9609954161965423
Test,23.363881163854188,-0.4798311558977082
