Dataset,RMSE,R2
Train,2.3682096621765805,0.9844076255652418
Validation,3.7014858221922498,0.9557934187910304
Test,22.729541337912877,-0.40056585285286683
