Dataset,RMSE,R2
Train,2.478530844746521,0.9829210717533496
Validation,3.3948911389018575,0.9628134015496153
Test,22.020511040527815,-0.31454959776540603
