Dataset,RMSE,R2
Train,2.2933789374691105,0.9853774337659656
Validation,3.481404957122549,0.9608939604145675
Test,22.711911948396132,-0.39839409362674694
